x,y,z
1.0,1.5,13.65
1.0,1.5,13.700000000000001
1.0,1.5,13.75
1.0,1.5,13.8
1.0,1.5,13.850000000000001
1.0,1.5,13.9
1.0,1.5,13.950000000000001
1.0,1.5,14.0
1.0,1.5,14.05
1.0,1.5,14.100000000000001
1.0,1.5,14.15
1.0,1.5,14.200000000000001
1.0,1.5,14.25
1.0,1.5,14.3
1.0,1.5,14.350000000000001
1.0,2.0,13.55
1.0,2.0,13.600000000000001
1.0,2.0,13.65
1.0,2.0,13.700000000000001
1.0,2.0,13.75
1.0,2.0,13.8
1.0,2.0,13.850000000000001
1.0,2.0,13.9
1.0,2.0,13.950000000000001
1.0,2.0,14.0
1.0,2.0,14.05
1.0,2.0,14.100000000000001
1.0,2.0,14.15
1.0,2.0,14.200000000000001
1.0,2.0,14.25
1.0,2.0,14.3
1.0,2.0,14.350000000000001
1.0,2.0,14.4
1.0,2.0,14.450000000000001
1.0,2.5,13.5
1.0,2.5,13.55
1.0,2.5,13.600000000000001
1.0,2.5,13.65
1.0,2.5,13.700000000000001
1.0,2.5,13.75
1.0,2.5,13.8
1.0,2.5,13.850000000000001
1.0,2.5,13.9
1.0,2.5,13.950000000000001
1.0,2.5,14.0
1.0,2.5,14.05
1.0,2.5,14.100000000000001
1.0,2.5,14.15
1.0,2.5,14.200000000000001
1.0,2.5,14.25
1.0,2.5,14.3
1.0,2.5,14.350000000000001
1.0,2.5,14.4
1.0,2.5,14.450000000000001
1.0,2.5,14.5
1.0,3.0,13.450000000000001
1.0,3.0,13.5
1.0,3.0,13.55
1.0,3.0,13.600000000000001
1.0,3.0,13.65
1.0,3.0,13.700000000000001
1.0,3.0,13.75
1.0,3.0,13.8
1.0,3.0,13.850000000000001
1.0,3.0,13.9
1.0,3.0,13.950000000000001
1.0,3.0,14.0
1.0,3.0,14.05
1.0,3.0,14.100000000000001
1.0,3.0,14.15
1.0,3.0,14.200000000000001
1.0,3.0,14.25
1.0,3.0,14.3
1.0,3.0,14.350000000000001
1.0,3.0,14.4
1.0,3.0,14.450000000000001
1.0,3.0,14.5
1.0,3.0,14.55
1.0,3.5,13.450000000000001
1.0,3.5,13.5
1.0,3.5,13.55
1.0,3.5,13.600000000000001
1.0,3.5,13.65
1.0,3.5,13.700000000000001
1.0,3.5,13.75
1.0,3.5,13.8
1.0,3.5,13.850000000000001
1.0,3.5,13.9
1.0,3.5,13.950000000000001
1.0,3.5,14.0
1.0,3.5,14.05
1.0,3.5,14.100000000000001
1.0,3.5,14.15
1.0,3.5,14.200000000000001
1.0,3.5,14.25
1.0,3.5,14.3
1.0,3.5,14.350000000000001
1.0,3.5,14.4
1.0,3.5,14.450000000000001
1.0,3.5,14.5
1.0,3.5,14.55
1.0,4.0,13.450000000000001
1.0,4.0,13.5
1.0,4.0,13.55
1.0,4.0,13.600000000000001
1.0,4.0,13.65
1.0,4.0,13.700000000000001
1.0,4.0,13.75
1.0,4.0,13.8
1.0,4.0,13.850000000000001
1.0,4.0,13.9
1.0,4.0,13.950000000000001
1.0,4.0,14.0
1.0,4.0,14.05
1.0,4.0,14.100000000000001
1.0,4.0,14.15
1.0,4.0,14.200000000000001
1.0,4.0,14.25
1.0,4.0,14.3
1.0,4.0,14.350000000000001
1.0,4.0,14.4
1.0,4.0,14.450000000000001
1.0,4.0,14.5
1.0,4.0,14.55
1.0,4.5,13.450000000000001
1.0,4.5,13.5
1.0,4.5,13.55
1.0,4.5,13.600000000000001
1.0,4.5,13.65
1.0,4.5,13.700000000000001
1.0,4.5,13.75
1.0,4.5,13.8
1.0,4.5,13.850000000000001
1.0,4.5,13.9
1.0,4.5,13.950000000000001
1.0,4.5,14.0
1.0,4.5,14.05
1.0,4.5,14.100000000000001
1.0,4.5,14.15
1.0,4.5,14.200000000000001
1.0,4.5,14.25
1.0,4.5,14.3
1.0,4.5,14.350000000000001
1.0,4.5,14.4
1.0,4.5,14.450000000000001
1.0,4.5,14.5
1.0,4.5,14.55
1.0,5.0,13.450000000000001
1.0,5.0,13.5
1.0,5.0,13.55
1.0,5.0,13.600000000000001
1.0,5.0,13.65
1.0,5.0,13.700000000000001
1.0,5.0,13.75
1.0,5.0,13.8
1.0,5.0,13.850000000000001
1.0,5.0,13.9
1.0,5.0,13.950000000000001
1.0,5.0,14.0
1.0,5.0,14.05
1.0,5.0,14.100000000000001
1.0,5.0,14.15
1.0,5.0,14.200000000000001
1.0,5.0,14.25
1.0,5.0,14.3
1.0,5.0,14.350000000000001
1.0,5.0,14.4
1.0,5.0,14.450000000000001
1.0,5.0,14.5
1.0,5.0,14.55
1.0,5.5,13.450000000000001
1.0,5.5,13.5
1.0,5.5,13.55
1.0,5.5,13.600000000000001
1.0,5.5,13.65
1.0,5.5,13.700000000000001
1.0,5.5,13.75
1.0,5.5,13.8
1.0,5.5,13.850000000000001
1.0,5.5,13.9
1.0,5.5,13.950000000000001
1.0,5.5,14.0
1.0,5.5,14.05
1.0,5.5,14.100000000000001
1.0,5.5,14.15
1.0,5.5,14.200000000000001
1.0,5.5,14.25
1.0,5.5,14.3
1.0,5.5,14.350000000000001
1.0,5.5,14.4
1.0,5.5,14.450000000000001
1.0,5.5,14.5
1.0,5.5,14.55
1.0,6.0,13.450000000000001
1.0,6.0,13.5
1.0,6.0,13.55
1.0,6.0,13.600000000000001
1.0,6.0,13.65
1.0,6.0,13.700000000000001
1.0,6.0,13.75
1.0,6.0,13.8
1.0,6.0,13.850000000000001
1.0,6.0,13.9
1.0,6.0,13.950000000000001
1.0,6.0,14.0
1.0,6.0,14.05
1.0,6.0,14.100000000000001
1.0,6.0,14.15
1.0,6.0,14.200000000000001
1.0,6.0,14.25
1.0,6.0,14.3
1.0,6.0,14.350000000000001
1.0,6.0,14.4
1.0,6.0,14.450000000000001
1.0,6.0,14.5
1.0,6.0,14.55
1.0,6.5,13.450000000000001
1.0,6.5,13.5
1.0,6.5,13.55
1.0,6.5,13.600000000000001
1.0,6.5,13.65
1.0,6.5,13.700000000000001
1.0,6.5,13.75
1.0,6.5,13.8
1.0,6.5,13.850000000000001
1.0,6.5,13.9
1.0,6.5,13.950000000000001
1.0,6.5,14.0
1.0,6.5,14.05
1.0,6.5,14.100000000000001
1.0,6.5,14.15
1.0,6.5,14.200000000000001
1.0,6.5,14.25
1.0,6.5,14.3
1.0,6.5,14.350000000000001
1.0,6.5,14.4
1.0,6.5,14.450000000000001
1.0,6.5,14.5
1.0,6.5,14.55
1.0,7.0,13.450000000000001
1.0,7.0,13.5
1.0,7.0,13.55
1.0,7.0,13.600000000000001
1.0,7.0,13.65
1.0,7.0,13.700000000000001
1.0,7.0,13.75
1.0,7.0,13.8
1.0,7.0,13.850000000000001
1.0,7.0,13.9
1.0,7.0,13.950000000000001
1.0,7.0,14.0
1.0,7.0,14.05
1.0,7.0,14.100000000000001
1.0,7.0,14.15
1.0,7.0,14.200000000000001
1.0,7.0,14.25
1.0,7.0,14.3
1.0,7.0,14.350000000000001
1.0,7.0,14.4
1.0,7.0,14.450000000000001
1.0,7.0,14.5
1.0,7.0,14.55
1.0,7.5,13.450000000000001
1.0,7.5,13.5
1.0,7.5,13.55
1.0,7.5,13.600000000000001
1.0,7.5,13.65
1.0,7.5,13.700000000000001
1.0,7.5,13.75
1.0,7.5,13.8
1.0,7.5,13.850000000000001
1.0,7.5,13.9
1.0,7.5,13.950000000000001
1.0,7.5,14.0
1.0,7.5,14.05
1.0,7.5,14.100000000000001
1.0,7.5,14.15
1.0,7.5,14.200000000000001
1.0,7.5,14.25
1.0,7.5,14.3
1.0,7.5,14.350000000000001
1.0,7.5,14.4
1.0,7.5,14.450000000000001
1.0,7.5,14.5
1.0,7.5,14.55
1.0,8.0,13.5
1.0,8.0,13.55
1.0,8.0,13.600000000000001
1.0,8.0,13.65
1.0,8.0,13.700000000000001
1.0,8.0,13.75
1.0,8.0,13.8
1.0,8.0,13.850000000000001
1.0,8.0,13.9
1.0,8.0,13.950000000000001
1.0,8.0,14.0
1.0,8.0,14.05
1.0,8.0,14.100000000000001
1.0,8.0,14.15
1.0,8.0,14.200000000000001
1.0,8.0,14.25
1.0,8.0,14.3
1.0,8.0,14.350000000000001
1.0,8.0,14.4
1.0,8.0,14.450000000000001
1.0,8.0,14.5
1.0,8.5,13.5
1.0,8.5,13.55
1.0,8.5,13.600000000000001
1.0,8.5,13.65
1.0,8.5,13.700000000000001
1.0,8.5,13.75
1.0,8.5,13.8
1.0,8.5,13.850000000000001
1.0,8.5,13.9
1.0,8.5,13.950000000000001
1.0,8.5,14.0
1.0,8.5,14.05
1.0,8.5,14.100000000000001
1.0,8.5,14.15
1.0,8.5,14.200000000000001
1.0,8.5,14.25
1.0,8.5,14.3
1.0,8.5,14.350000000000001
1.0,8.5,14.4
1.0,8.5,14.450000000000001
1.0,8.5,14.5
1.0,9.0,13.5
1.0,9.0,13.55
1.0,9.0,13.600000000000001
1.0,9.0,13.65
1.0,9.0,13.700000000000001
1.0,9.0,13.75
1.0,9.0,13.8
1.0,9.0,13.850000000000001
1.0,9.0,13.9
1.0,9.0,13.950000000000001
1.0,9.0,14.0
1.0,9.0,14.05
1.0,9.0,14.100000000000001
1.0,9.0,14.15
1.0,9.0,14.200000000000001
1.0,9.0,14.25
1.0,9.0,14.3
1.0,9.0,14.350000000000001
1.0,9.0,14.4
1.0,9.0,14.450000000000001
1.0,9.0,14.5
1.0,9.5,13.5
1.0,9.5,13.55
1.0,9.5,13.600000000000001
1.0,9.5,13.65
1.0,9.5,13.700000000000001
1.0,9.5,13.75
1.0,9.5,13.8
1.0,9.5,13.850000000000001
1.0,9.5,13.9
1.0,9.5,13.950000000000001
1.0,9.5,14.0
1.0,9.5,14.05
1.0,9.5,14.100000000000001
1.0,9.5,14.15
1.0,9.5,14.200000000000001
1.0,9.5,14.25
1.0,9.5,14.3
1.0,9.5,14.350000000000001
1.0,9.5,14.4
1.0,9.5,14.450000000000001
1.0,9.5,14.5
1.0,10.0,13.55
1.0,10.0,13.600000000000001
1.0,10.0,13.65
1.0,10.0,13.700000000000001
1.0,10.0,13.75
1.0,10.0,13.8
1.0,10.0,13.850000000000001
1.0,10.0,13.9
1.0,10.0,13.950000000000001
1.0,10.0,14.0
1.0,10.0,14.05
1.0,10.0,14.100000000000001
1.0,10.0,14.15
1.0,10.0,14.200000000000001
1.0,10.0,14.25
1.0,10.0,14.3
1.0,10.0,14.350000000000001
1.0,10.0,14.4
1.0,10.0,14.450000000000001
1.0,10.5,13.55
1.0,10.5,13.600000000000001
1.0,10.5,13.65
1.0,10.5,13.700000000000001
1.0,10.5,13.75
1.0,10.5,13.8
1.0,10.5,13.850000000000001
1.0,10.5,13.9
1.0,10.5,13.950000000000001
1.0,10.5,14.0
1.0,10.5,14.05
1.0,10.5,14.100000000000001
1.0,10.5,14.15
1.0,10.5,14.200000000000001
1.0,10.5,14.25
1.0,10.5,14.3
1.0,10.5,14.350000000000001
1.0,10.5,14.4
1.0,10.5,14.450000000000001
1.0,11.0,13.55
1.0,11.0,13.600000000000001
1.0,11.0,13.65
1.0,11.0,13.700000000000001
1.0,11.0,13.75
1.0,11.0,13.8
1.0,11.0,13.850000000000001
1.0,11.0,13.9
1.0,11.0,13.950000000000001
1.0,11.0,14.0
1.0,11.0,14.05
1.0,11.0,14.100000000000001
1.0,11.0,14.15
1.0,11.0,14.200000000000001
1.0,11.0,14.25
1.0,11.0,14.3
1.0,11.0,14.350000000000001
1.0,11.0,14.4
1.0,11.0,14.450000000000001
1.0,11.5,13.600000000000001
1.0,11.5,13.65
1.0,11.5,13.700000000000001
1.0,11.5,13.75
1.0,11.5,13.8
1.0,11.5,13.850000000000001
1.0,11.5,13.9
1.0,11.5,13.950000000000001
1.0,11.5,14.0
1.0,11.5,14.05
1.0,11.5,14.100000000000001
1.0,11.5,14.15
1.0,11.5,14.200000000000001
1.0,11.5,14.25
1.0,11.5,14.3
1.0,11.5,14.350000000000001
1.0,11.5,14.4
1.0,12.0,13.600000000000001
1.0,12.0,13.65
1.0,12.0,13.700000000000001
1.0,12.0,13.75
1.0,12.0,13.8
1.0,12.0,13.850000000000001
1.0,12.0,13.9
1.0,12.0,13.950000000000001
1.0,12.0,14.0
1.0,12.0,14.05
1.0,12.0,14.100000000000001
1.0,12.0,14.15
1.0,12.0,14.200000000000001
1.0,12.0,14.25
1.0,12.0,14.3
1.0,12.0,14.350000000000001
1.0,12.0,14.4
1.0,12.5,13.65
1.0,12.5,13.700000000000001
1.0,12.5,13.75
1.0,12.5,13.8
1.0,12.5,13.850000000000001
1.0,12.5,13.9
1.0,12.5,13.950000000000001
1.0,12.5,14.0
1.0,12.5,14.05
1.0,12.5,14.100000000000001
1.0,12.5,14.15
1.0,12.5,14.200000000000001
1.0,12.5,14.25
1.0,12.5,14.3
1.0,12.5,14.350000000000001
1.0,13.0,13.65
1.0,13.0,13.700000000000001
1.0,13.0,13.75
1.0,13.0,13.8
1.0,13.0,13.850000000000001
1.0,13.0,13.9
1.0,13.0,13.950000000000001
1.0,13.0,14.0
1.0,13.0,14.05
1.0,13.0,14.100000000000001
1.0,13.0,14.15
1.0,13.0,14.200000000000001
1.0,13.0,14.25
1.0,13.0,14.3
1.0,13.0,14.350000000000001
1.0,13.5,13.65
1.0,13.5,13.700000000000001
1.0,13.5,13.75
1.0,13.5,13.8
1.0,13.5,13.850000000000001
1.0,13.5,13.9
1.0,13.5,13.950000000000001
1.0,13.5,14.0
1.0,13.5,14.05
1.0,13.5,14.100000000000001
1.0,13.5,14.15
1.0,13.5,14.200000000000001
1.0,13.5,14.25
1.0,13.5,14.3
1.0,13.5,14.350000000000001
1.0,14.0,13.700000000000001
1.0,14.0,13.75
1.0,14.0,13.8
1.0,14.0,13.850000000000001
1.0,14.0,13.9
1.0,14.0,13.950000000000001
1.0,14.0,14.0
1.0,14.0,14.05
1.0,14.0,14.100000000000001
1.0,14.0,14.15
1.0,14.0,14.200000000000001
1.0,14.0,14.25
1.0,14.0,14.3
1.0,14.5,13.700000000000001
1.0,14.5,13.75
1.0,14.5,13.8
1.0,14.5,13.850000000000001
1.0,14.5,13.9
1.0,14.5,13.950000000000001
1.0,14.5,14.0
1.0,14.5,14.05
1.0,14.5,14.100000000000001
1.0,14.5,14.15
1.0,14.5,14.200000000000001
1.0,14.5,14.25
1.0,14.5,14.3
1.0,15.0,13.75
1.0,15.0,13.8
1.0,15.0,13.850000000000001
1.0,15.0,13.9
1.0,15.0,13.950000000000001
1.0,15.0,14.0
1.0,15.0,14.05
1.0,15.0,14.100000000000001
1.0,15.0,14.15
1.0,15.0,14.200000000000001
1.0,15.0,14.25
1.0,15.5,13.8
1.0,15.5,13.850000000000001
1.0,15.5,13.9
1.0,15.5,13.950000000000001
1.0,15.5,14.0
1.0,15.5,14.05
1.0,15.5,14.100000000000001
1.0,15.5,14.15
1.0,15.5,14.200000000000001
1.0,16.0,13.8
1.0,16.0,13.850000000000001
1.0,16.0,13.9
1.0,16.0,13.950000000000001
1.0,16.0,14.0
1.0,16.0,14.05
1.0,16.0,14.100000000000001
1.0,16.0,14.15
1.0,16.0,14.200000000000001
1.0,16.5,13.850000000000001
1.0,16.5,13.9
1.0,16.5,13.950000000000001
1.0,16.5,14.0
1.0,16.5,14.05
1.0,16.5,14.100000000000001
1.0,16.5,14.15
1.0,17.0,13.9
1.0,17.0,13.950000000000001
1.0,17.0,14.0
1.0,17.0,14.05
1.0,17.0,14.100000000000001
1.5,1.5,13.9
1.5,1.5,13.950000000000001
1.5,1.5,14.0
1.5,1.5,14.05
1.5,1.5,14.100000000000001
1.5,1.5,14.15
1.5,1.5,14.200000000000001
1.5,1.5,14.25
1.5,1.5,14.3
1.5,2.0,13.700000000000001
1.5,2.0,13.75
1.5,2.0,13.8
1.5,2.0,13.850000000000001
1.5,2.0,13.9
1.5,2.0,13.950000000000001
1.5,2.0,14.0
1.5,2.0,14.05
1.5,2.0,14.100000000000001
1.5,2.0,14.15
1.5,2.0,14.200000000000001
1.5,2.0,14.25
1.5,2.0,14.3
1.5,2.0,14.350000000000001
1.5,2.0,14.4
1.5,2.0,14.450000000000001
1.5,2.0,14.5
1.5,2.5,13.600000000000001
1.5,2.5,13.65
1.5,2.5,13.700000000000001
1.5,2.5,13.75
1.5,2.5,13.8
1.5,2.5,13.850000000000001
1.5,2.5,14.450000000000001
1.5,2.5,14.5
1.5,2.5,14.55
1.5,3.0,13.55
1.5,3.0,13.600000000000001
1.5,3.0,13.65
1.5,3.0,13.700000000000001
1.5,3.0,14.5
1.5,3.0,14.55
1.5,3.0,14.600000000000001
1.5,3.5,13.5
1.5,3.5,13.55
1.5,3.5,13.600000000000001
1.5,3.5,13.65
1.5,3.5,14.55
1.5,3.5,14.600000000000001
1.5,3.5,14.65
1.5,4.0,13.5
1.5,4.0,13.55
1.5,4.0,13.600000000000001
1.5,4.0,14.55
1.5,4.0,14.600000000000001
1.5,4.0,14.65
1.5,4.5,13.5
1.5,4.5,13.55
1.5,4.5,13.600000000000001
1.5,4.5,14.55
1.5,4.5,14.600000000000001
1.5,4.5,14.65
1.5,5.0,13.5
1.5,5.0,13.55
1.5,5.0,14.55
1.5,5.0,14.600000000000001
1.5,5.0,14.65
1.5,5.5,13.5
1.5,5.5,13.55
1.5,5.5,14.55
1.5,5.5,14.600000000000001
1.5,5.5,14.65
1.5,6.0,13.5
1.5,6.0,13.55
1.5,6.0,14.55
1.5,6.0,14.600000000000001
1.5,6.0,14.65
1.5,6.5,13.5
1.5,6.5,13.55
1.5,6.5,14.55
1.5,6.5,14.600000000000001
1.5,6.5,14.65
1.5,7.0,13.5
1.5,7.0,13.55
1.5,7.0,14.55
1.5,7.0,14.600000000000001
1.5,7.0,14.65
1.5,7.5,13.5
1.5,7.5,13.55
1.5,7.5,14.5
1.5,7.5,14.55
1.5,7.5,14.600000000000001
1.5,7.5,14.65
1.5,8.0,13.55
1.5,8.0,13.600000000000001
1.5,8.0,14.5
1.5,8.0,14.55
1.5,8.0,14.600000000000001
1.5,8.0,14.65
1.5,8.5,13.55
1.5,8.5,13.600000000000001
1.5,8.5,14.5
1.5,8.5,14.55
1.5,8.5,14.600000000000001
1.5,8.5,14.65
1.5,9.0,13.55
1.5,9.0,13.600000000000001
1.5,9.0,14.5
1.5,9.0,14.55
1.5,9.0,14.600000000000001
1.5,9.5,13.55
1.5,9.5,13.600000000000001
1.5,9.5,14.450000000000001
1.5,9.5,14.5
1.5,9.5,14.55
1.5,9.5,14.600000000000001
1.5,10.0,13.55
1.5,10.0,13.600000000000001
1.5,10.0,13.65
1.5,10.0,14.450000000000001
1.5,10.0,14.5
1.5,10.0,14.55
1.5,10.0,14.600000000000001
1.5,10.5,13.600000000000001
1.5,10.5,13.65
1.5,10.5,14.450000000000001
1.5,10.5,14.5
1.5,10.5,14.55
1.5,10.5,14.600000000000001
1.5,11.0,13.600000000000001
1.5,11.0,13.65
1.5,11.0,14.4
1.5,11.0,14.450000000000001
1.5,11.0,14.5
1.5,11.0,14.55
1.5,11.5,13.600000000000001
1.5,11.5,13.65
1.5,11.5,14.4
1.5,11.5,14.450000000000001
1.5,11.5,14.5
1.5,11.5,14.55
1.5,12.0,13.65
1.5,12.0,13.700000000000001
1.5,12.0,14.350000000000001
1.5,12.0,14.4
1.5,12.0,14.450000000000001
1.5,12.0,14.5
1.5,12.0,14.55
1.5,12.5,13.65
1.5,12.5,13.700000000000001
1.5,12.5,14.350000000000001
1.5,12.5,14.4
1.5,12.5,14.450000000000001
1.5,12.5,14.5
1.5,13.0,13.65
1.5,13.0,13.700000000000001
1.5,13.0,14.350000000000001
1.5,13.0,14.4
1.5,13.0,14.450000000000001
1.5,13.0,14.5
1.5,13.5,13.700000000000001
1.5,13.5,13.75
1.5,13.5,14.3
1.5,13.5,14.350000000000001
1.5,13.5,14.4
1.5,13.5,14.450000000000001
1.5,13.5,14.5
1.5,14.0,13.700000000000001
1.5,14.0,13.75
1.5,14.0,14.3
1.5,14.0,14.350000000000001
1.5,14.0,14.4
1.5,14.0,14.450000000000001
1.5,14.5,13.700000000000001
1.5,14.5,13.75
1.5,14.5,14.25
1.5,14.5,14.3
1.5,14.5,14.350000000000001
1.5,14.5,14.4
1.5,14.5,14.450000000000001
1.5,15.0,13.75
1.5,15.0,13.8
1.5,15.0,14.200000000000001
1.5,15.0,14.25
1.5,15.0,14.3
1.5,15.0,14.350000000000001
1.5,15.0,14.4
1.5,15.5,13.75
1.5,15.5,13.8
1.5,15.5,14.200000000000001
1.5,15.5,14.25
1.5,15.5,14.3
1.5,15.5,14.350000000000001
1.5,15.5,14.4
1.5,16.0,13.8
1.5,16.0,13.850000000000001
1.5,16.0,14.15
1.5,16.0,14.200000000000001
1.5,16.0,14.25
1.5,16.0,14.3
1.5,16.0,14.350000000000001
1.5,16.5,13.8
1.5,16.5,13.850000000000001
1.5,16.5,13.9
1.5,16.5,14.100000000000001
1.5,16.5,14.15
1.5,16.5,14.200000000000001
1.5,16.5,14.25
1.5,16.5,14.3
1.5,16.5,14.350000000000001
1.5,17.0,13.850000000000001
1.5,17.0,13.9
1.5,17.0,13.950000000000001
1.5,17.0,14.0
1.5,17.0,14.05
1.5,17.0,14.100000000000001
1.5,17.0,14.15
1.5,17.0,14.200000000000001
1.5,17.0,14.25
1.5,17.0,14.3
1.5,17.5,13.9
1.5,17.5,13.950000000000001
1.5,17.5,14.0
1.5,17.5,14.05
1.5,17.5,14.100000000000001
1.5,17.5,14.15
1.5,17.5,14.200000000000001
1.5,17.5,14.25
1.5,17.5,14.3
1.5,18.0,13.9
1.5,18.0,13.950000000000001
1.5,18.0,14.0
1.5,18.0,14.05
1.5,18.0,14.100000000000001
1.5,18.0,14.15
1.5,18.0,14.200000000000001
1.5,18.0,14.25
1.5,18.5,13.950000000000001
1.5,18.5,14.0
1.5,18.5,14.05
1.5,18.5,14.100000000000001
1.5,18.5,14.15
1.5,18.5,14.200000000000001
1.5,19.0,14.05
1.5,19.0,14.100000000000001
1.5,19.0,14.15
2.0,2.0,13.850000000000001
2.0,2.0,13.9
2.0,2.0,13.950000000000001
2.0,2.0,14.0
2.0,2.0,14.05
2.0,2.0,14.100000000000001
2.0,2.0,14.15
2.0,2.0,14.200000000000001
2.0,2.0,14.25
2.0,2.0,14.3
2.0,2.0,14.350000000000001
2.0,2.0,14.4
2.0,2.0,14.450000000000001
2.0,2.5,13.700000000000001
2.0,2.5,13.75
2.0,2.5,13.8
2.0,2.5,13.850000000000001
2.0,2.5,13.9
2.0,2.5,13.950000000000001
2.0,2.5,14.0
2.0,2.5,14.05
2.0,2.5,14.3
2.0,2.5,14.350000000000001
2.0,2.5,14.4
2.0,2.5,14.450000000000001
2.0,2.5,14.5
2.0,2.5,14.55
2.0,3.0,13.65
2.0,3.0,13.700000000000001
2.0,3.0,13.75
2.0,3.0,13.8
2.0,3.0,13.850000000000001
2.0,3.0,14.55
2.0,3.0,14.600000000000001
2.0,3.0,14.65
2.0,3.5,13.600000000000001
2.0,3.5,13.65
2.0,3.5,13.700000000000001
2.0,3.5,13.75
2.0,3.5,14.600000000000001
2.0,3.5,14.65
2.0,4.0,13.600000000000001
2.0,4.0,13.65
2.0,4.0,13.700000000000001
2.0,4.0,14.65
2.0,4.0,14.700000000000001
2.0,4.5,13.55
2.0,4.5,13.600000000000001
2.0,4.5,13.65
2.0,4.5,14.65
2.0,4.5,14.700000000000001
2.0,5.0,13.55
2.0,5.0,13.600000000000001
2.0,5.0,13.65
2.0,5.0,14.65
2.0,5.0,14.700000000000001
2.0,5.5,13.55
2.0,5.5,13.600000000000001
2.0,5.5,14.65
2.0,5.5,14.700000000000001
2.0,6.0,13.55
2.0,6.0,13.600000000000001
2.0,6.0,14.65
2.0,6.0,14.700000000000001
2.0,6.0,14.75
2.0,6.5,13.55
2.0,6.5,13.600000000000001
2.0,6.5,14.65
2.0,6.5,14.700000000000001
2.0,7.0,13.55
2.0,7.0,13.600000000000001
2.0,7.0,14.65
2.0,7.0,14.700000000000001
2.0,7.5,13.55
2.0,7.5,13.600000000000001
2.0,7.5,14.65
2.0,7.5,14.700000000000001
2.0,8.0,13.55
2.0,8.0,13.600000000000001
2.0,8.0,14.65
2.0,8.0,14.700000000000001
2.0,8.5,13.600000000000001
2.0,8.5,13.65
2.0,8.5,14.600000000000001
2.0,8.5,14.65
2.0,8.5,14.700000000000001
2.0,9.0,13.600000000000001
2.0,9.0,13.65
2.0,9.0,14.600000000000001
2.0,9.0,14.65
2.0,9.0,14.700000000000001
2.0,9.5,13.600000000000001
2.0,9.5,13.65
2.0,9.5,14.600000000000001
2.0,9.5,14.65
2.0,9.5,14.700000000000001
2.0,10.0,13.600000000000001
2.0,10.0,13.65
2.0,10.0,14.600000000000001
2.0,10.0,14.65
2.0,10.5,13.65
2.0,10.5,13.700000000000001
2.0,10.5,14.55
2.0,10.5,14.600000000000001
2.0,10.5,14.65
2.0,11.0,13.65
2.0,11.0,13.700000000000001
2.0,11.0,14.55
2.0,11.0,14.600000000000001
2.0,11.0,14.65
2.0,11.5,13.65
2.0,11.5,13.700000000000001
2.0,11.5,14.55
2.0,11.5,14.600000000000001
2.0,12.0,13.65
2.0,12.0,13.700000000000001
2.0,12.0,14.5
2.0,12.0,14.55
2.0,12.0,14.600000000000001
2.0,12.5,13.700000000000001
2.0,12.5,13.75
2.0,12.5,14.5
2.0,12.5,14.55
2.0,12.5,14.600000000000001
2.0,13.0,13.700000000000001
2.0,13.0,13.75
2.0,13.0,14.5
2.0,13.0,14.55
2.0,13.0,14.600000000000001
2.0,13.5,13.700000000000001
2.0,13.5,13.75
2.0,13.5,14.450000000000001
2.0,13.5,14.5
2.0,13.5,14.55
2.0,14.0,13.75
2.0,14.0,13.8
2.0,14.0,14.450000000000001
2.0,14.0,14.5
2.0,14.0,14.55
2.0,14.5,13.75
2.0,14.5,13.8
2.0,14.5,14.4
2.0,14.5,14.450000000000001
2.0,14.5,14.5
2.0,15.0,13.75
2.0,15.0,13.8
2.0,15.0,14.4
2.0,15.0,14.450000000000001
2.0,15.0,14.5
2.0,15.5,13.8
2.0,15.5,13.850000000000001
2.0,15.5,14.350000000000001
2.0,15.5,14.4
2.0,15.5,14.450000000000001
2.0,15.5,14.5
2.0,16.0,13.8
2.0,16.0,13.850000000000001
2.0,16.0,14.350000000000001
2.0,16.0,14.4
2.0,16.0,14.450000000000001
2.0,16.5,13.850000000000001
2.0,16.5,13.9
2.0,16.5,14.3
2.0,16.5,14.350000000000001
2.0,16.5,14.4
2.0,16.5,14.450000000000001
2.0,17.0,13.850000000000001
2.0,17.0,13.9
2.0,17.0,14.3
2.0,17.0,14.350000000000001
2.0,17.0,14.4
2.0,17.5,13.9
2.0,17.5,13.950000000000001
2.0,17.5,14.25
2.0,17.5,14.3
2.0,17.5,14.350000000000001
2.0,17.5,14.4
2.0,18.0,13.9
2.0,18.0,13.950000000000001
2.0,18.0,14.0
2.0,18.0,14.200000000000001
2.0,18.0,14.25
2.0,18.0,14.3
2.0,18.0,14.350000000000001
2.0,18.5,13.950000000000001
2.0,18.5,14.0
2.0,18.5,14.05
2.0,18.5,14.15
2.0,18.5,14.200000000000001
2.0,18.5,14.25
2.0,18.5,14.3
2.0,19.0,14.0
2.0,19.0,14.05
2.0,19.0,14.100000000000001
2.0,19.0,14.15
2.0,19.0,14.200000000000001
2.0,19.0,14.25
2.0,19.0,14.3
2.0,19.5,14.05
2.0,19.5,14.100000000000001
2.0,19.5,14.15
2.0,19.5,14.200000000000001
2.5,2.0,14.05
2.5,2.0,14.100000000000001
2.5,2.0,14.15
2.5,2.0,14.200000000000001
2.5,2.0,14.25
2.5,2.0,14.3
2.5,2.5,13.850000000000001
2.5,2.5,13.9
2.5,2.5,13.950000000000001
2.5,2.5,14.0
2.5,2.5,14.05
2.5,2.5,14.100000000000001
2.5,2.5,14.15
2.5,2.5,14.200000000000001
2.5,2.5,14.25
2.5,2.5,14.3
2.5,2.5,14.350000000000001
2.5,2.5,14.4
2.5,2.5,14.450000000000001
2.5,2.5,14.5
2.5,2.5,14.55
2.5,3.0,13.75
2.5,3.0,13.8
2.5,3.0,13.850000000000001
2.5,3.0,13.9
2.5,3.0,13.950000000000001
2.5,3.0,14.0
2.5,3.0,14.450000000000001
2.5,3.0,14.5
2.5,3.0,14.55
2.5,3.0,14.600000000000001
2.5,3.5,13.700000000000001
2.5,3.5,13.75
2.5,3.5,13.8
2.5,3.5,13.850000000000001
2.5,3.5,14.600000000000001
2.5,3.5,14.65
2.5,3.5,14.700000000000001
2.5,4.0,13.65
2.5,4.0,13.700000000000001
2.5,4.0,13.75
2.5,4.0,14.65
2.5,4.0,14.700000000000001
2.5,4.5,13.65
2.5,4.5,13.700000000000001
2.5,4.5,14.700000000000001
2.5,4.5,14.75
2.5,5.0,13.600000000000001
2.5,5.0,13.65
2.5,5.0,13.700000000000001
2.5,5.0,14.700000000000001
2.5,5.0,14.75
2.5,5.5,13.600000000000001
2.5,5.5,13.65
2.5,5.5,14.700000000000001
2.5,5.5,14.75
2.5,6.0,13.600000000000001
2.5,6.0,13.65
2.5,6.0,14.700000000000001
2.5,6.0,14.75
2.5,6.5,13.600000000000001
2.5,6.5,13.65
2.5,6.5,14.700000000000001
2.5,6.5,14.75
2.5,7.0,13.600000000000001
2.5,7.0,13.65
2.5,7.0,14.700000000000001
2.5,7.0,14.75
2.5,7.5,13.600000000000001
2.5,7.5,13.65
2.5,7.5,14.700000000000001
2.5,7.5,14.75
2.5,8.0,13.600000000000001
2.5,8.0,13.65
2.5,8.0,14.700000000000001
2.5,8.0,14.75
2.5,8.5,13.600000000000001
2.5,8.5,13.65
2.5,8.5,14.700000000000001
2.5,8.5,14.75
2.5,9.0,13.65
2.5,9.0,14.700000000000001
2.5,9.0,14.75
2.5,9.5,13.65
2.5,9.5,13.700000000000001
2.5,9.5,14.65
2.5,9.5,14.700000000000001
2.5,9.5,14.75
2.5,10.0,13.65
2.5,10.0,13.700000000000001
2.5,10.0,14.65
2.5,10.0,14.700000000000001
2.5,10.5,13.65
2.5,10.5,13.700000000000001
2.5,10.5,14.65
2.5,10.5,14.700000000000001
2.5,11.0,13.700000000000001
2.5,11.0,14.600000000000001
2.5,11.0,14.65
2.5,11.0,14.700000000000001
2.5,11.5,13.700000000000001
2.5,11.5,13.75
2.5,11.5,14.600000000000001
2.5,11.5,14.65
2.5,11.5,14.700000000000001
2.5,12.0,13.700000000000001
2.5,12.0,13.75
2.5,12.0,14.600000000000001
2.5,12.0,14.65
2.5,12.5,13.700000000000001
2.5,12.5,13.75
2.5,12.5,14.600000000000001
2.5,12.5,14.65
2.5,13.0,13.75
2.5,13.0,13.8
2.5,13.0,14.55
2.5,13.0,14.600000000000001
2.5,13.0,14.65
2.5,13.5,13.75
2.5,13.5,13.8
2.5,13.5,14.55
2.5,13.5,14.600000000000001
2.5,14.0,13.75
2.5,14.0,13.8
2.5,14.0,14.5
2.5,14.0,14.55
2.5,14.0,14.600000000000001
2.5,14.5,13.8
2.5,14.5,13.850000000000001
2.5,14.5,14.5
2.5,14.5,14.55
2.5,14.5,14.600000000000001
2.5,15.0,13.8
2.5,15.0,13.850000000000001
2.5,15.0,14.5
2.5,15.0,14.55
2.5,15.5,13.8
2.5,15.5,13.850000000000001
2.5,15.5,14.450000000000001
2.5,15.5,14.5
2.5,15.5,14.55
2.5,16.0,13.850000000000001
2.5,16.0,13.9
2.5,16.0,14.450000000000001
2.5,16.0,14.5
2.5,16.0,14.55
2.5,16.5,13.850000000000001
2.5,16.5,13.9
2.5,16.5,14.4
2.5,16.5,14.450000000000001
2.5,16.5,14.5
2.5,17.0,13.9
2.5,17.0,13.950000000000001
2.5,17.0,14.4
2.5,17.0,14.450000000000001
2.5,17.0,14.5
2.5,17.5,13.9
2.5,17.5,13.950000000000001
2.5,17.5,14.350000000000001
2.5,17.5,14.4
2.5,17.5,14.450000000000001
2.5,18.0,13.950000000000001
2.5,18.0,14.0
2.5,18.0,14.3
2.5,18.0,14.350000000000001
2.5,18.0,14.4
2.5,18.5,14.0
2.5,18.5,14.05
2.5,18.5,14.3
2.5,18.5,14.350000000000001
2.5,18.5,14.4
2.5,19.0,14.0
2.5,19.0,14.05
2.5,19.0,14.100000000000001
2.5,19.0,14.200000000000001
2.5,19.0,14.25
2.5,19.0,14.3
2.5,19.0,14.350000000000001
2.5,19.5,14.05
2.5,19.5,14.100000000000001
2.5,19.5,14.15
2.5,19.5,14.200000000000001
2.5,19.5,14.25
2.5,19.5,14.3
2.5,20.0,14.15
2.5,20.0,14.200000000000001
2.5,20.0,14.25
3.0,2.5,14.0
3.0,2.5,14.05
3.0,2.5,14.100000000000001
3.0,2.5,14.15
3.0,2.5,14.200000000000001
3.0,2.5,14.25
3.0,2.5,14.3
3.0,2.5,14.350000000000001
3.0,2.5,14.4
3.0,2.5,14.450000000000001
3.0,3.0,13.850000000000001
3.0,3.0,13.9
3.0,3.0,13.950000000000001
3.0,3.0,14.0
3.0,3.0,14.05
3.0,3.0,14.100000000000001
3.0,3.0,14.15
3.0,3.0,14.200000000000001
3.0,3.0,14.25
3.0,3.0,14.3
3.0,3.0,14.350000000000001
3.0,3.0,14.4
3.0,3.0,14.450000000000001
3.0,3.0,14.5
3.0,3.0,14.55
3.0,3.0,14.600000000000001
3.0,3.5,13.75
3.0,3.5,13.8
3.0,3.5,13.850000000000001
3.0,3.5,13.9
3.0,3.5,13.950000000000001
3.0,3.5,14.55
3.0,3.5,14.600000000000001
3.0,3.5,14.65
3.0,4.0,13.700000000000001
3.0,4.0,13.75
3.0,4.0,13.8
3.0,4.0,13.850000000000001
3.0,4.0,14.65
3.0,4.0,14.700000000000001
3.0,4.5,13.700000000000001
3.0,4.5,13.75
3.0,4.5,13.8
3.0,4.5,14.700000000000001
3.0,4.5,14.75
3.0,5.0,13.65
3.0,5.0,13.700000000000001
3.0,5.0,13.75
3.0,5.0,14.75
3.0,5.5,13.65
3.0,5.5,13.700000000000001
3.0,5.5,13.75
3.0,5.5,14.75
3.0,5.5,14.8
3.0,6.0,13.65
3.0,6.0,13.700000000000001
3.0,6.0,14.75
3.0,6.0,14.8
3.0,6.5,13.65
3.0,6.5,13.700000000000001
3.0,6.5,14.75
3.0,6.5,14.8
3.0,7.0,13.65
3.0,7.0,13.700000000000001
3.0,7.0,14.75
3.0,7.0,14.8
3.0,7.5,13.65
3.0,7.5,13.700000000000001
3.0,7.5,14.75
3.0,7.5,14.8
3.0,8.0,13.65
3.0,8.0,13.700000000000001
3.0,8.0,14.75
3.0,8.0,14.8
3.0,8.5,13.65
3.0,8.5,13.700000000000001
3.0,8.5,14.75
3.0,8.5,14.8
3.0,9.0,13.65
3.0,9.0,13.700000000000001
3.0,9.0,14.75
3.0,9.0,14.8
3.0,9.5,13.65
3.0,9.5,13.700000000000001
3.0,9.5,14.700000000000001
3.0,9.5,14.75
3.0,10.0,13.700000000000001
3.0,10.0,14.700000000000001
3.0,10.0,14.75
3.0,10.5,13.700000000000001
3.0,10.5,13.75
3.0,10.5,14.700000000000001
3.0,10.5,14.75
3.0,11.0,13.700000000000001
3.0,11.0,13.75
3.0,11.0,14.700000000000001
3.0,11.0,14.75
3.0,11.5,13.700000000000001
3.0,11.5,13.75
3.0,11.5,14.65
3.0,11.5,14.700000000000001
3.0,11.5,14.75
3.0,12.0,13.75
3.0,12.0,14.65
3.0,12.0,14.700000000000001
3.0,12.5,13.75
3.0,12.5,13.8
3.0,12.5,14.65
3.0,12.5,14.700000000000001
3.0,13.0,13.75
3.0,13.0,13.8
3.0,13.0,14.600000000000001
3.0,13.0,14.65
3.0,13.0,14.700000000000001
3.0,13.5,13.8
3.0,13.5,14.600000000000001
3.0,13.5,14.65
3.0,14.0,13.8
3.0,14.0,13.850000000000001
3.0,14.0,14.600000000000001
3.0,14.0,14.65
3.0,14.5,13.8
3.0,14.5,13.850000000000001
3.0,14.5,14.55
3.0,14.5,14.600000000000001
3.0,14.5,14.65
3.0,15.0,13.850000000000001
3.0,15.0,14.55
3.0,15.0,14.600000000000001
3.0,15.5,13.850000000000001
3.0,15.5,13.9
3.0,15.5,14.55
3.0,15.5,14.600000000000001
3.0,16.0,13.850000000000001
3.0,16.0,13.9
3.0,16.0,14.5
3.0,16.0,14.55
3.0,16.5,13.9
3.0,16.5,13.950000000000001
3.0,16.5,14.5
3.0,16.5,14.55
3.0,17.0,13.9
3.0,17.0,13.950000000000001
3.0,17.0,14.450000000000001
3.0,17.0,14.5
3.0,17.0,14.55
3.0,17.5,13.950000000000001
3.0,17.5,14.0
3.0,17.5,14.4
3.0,17.5,14.450000000000001
3.0,17.5,14.5
3.0,18.0,13.950000000000001
3.0,18.0,14.0
3.0,18.0,14.4
3.0,18.0,14.450000000000001
3.0,18.5,14.0
3.0,18.5,14.05
3.0,18.5,14.350000000000001
3.0,18.5,14.4
3.0,18.5,14.450000000000001
3.0,19.0,14.05
3.0,19.0,14.100000000000001
3.0,19.0,14.3
3.0,19.0,14.350000000000001
3.0,19.0,14.4
3.0,19.5,14.100000000000001
3.0,19.5,14.15
3.0,19.5,14.25
3.0,19.5,14.3
3.0,19.5,14.350000000000001
3.0,20.0,14.15
3.0,20.0,14.200000000000001
3.0,20.0,14.25
3.0,20.0,14.3
3.5,3.0,13.950000000000001
3.5,3.0,14.0
3.5,3.0,14.05
3.5,3.0,14.100000000000001
3.5,3.0,14.15
3.5,3.0,14.200000000000001
3.5,3.0,14.25
3.5,3.0,14.3
3.5,3.0,14.350000000000001
3.5,3.0,14.4
3.5,3.0,14.450000000000001
3.5,3.0,14.5
3.5,3.0,14.55
3.5,3.5,13.850000000000001
3.5,3.5,13.9
3.5,3.5,13.950000000000001
3.5,3.5,14.0
3.5,3.5,14.05
3.5,3.5,14.100000000000001
3.5,3.5,14.450000000000001
3.5,3.5,14.5
3.5,3.5,14.55
3.5,3.5,14.600000000000001
3.5,3.5,14.65
3.5,4.0,13.8
3.5,4.0,13.850000000000001
3.5,4.0,13.9
3.5,4.0,13.950000000000001
3.5,4.0,14.600000000000001
3.5,4.0,14.65
3.5,4.0,14.700000000000001
3.5,4.5,13.75
3.5,4.5,13.8
3.5,4.5,13.850000000000001
3.5,4.5,14.700000000000001
3.5,4.5,14.75
3.5,5.0,13.75
3.5,5.0,13.8
3.5,5.0,14.75
3.5,5.0,14.8
3.5,5.5,13.700000000000001
3.5,5.5,13.75
3.5,5.5,13.8
3.5,5.5,14.75
3.5,5.5,14.8
3.5,6.0,13.700000000000001
3.5,6.0,13.75
3.5,6.0,14.8
3.5,6.5,13.700000000000001
3.5,6.5,13.75
3.5,6.5,14.8
3.5,7.0,13.700000000000001
3.5,7.0,13.75
3.5,7.0,14.8
3.5,7.5,13.700000000000001
3.5,7.5,14.8
3.5,8.0,13.700000000000001
3.5,8.0,14.8
3.5,8.5,13.700000000000001
3.5,8.5,13.75
3.5,8.5,14.8
3.5,9.0,13.700000000000001
3.5,9.0,13.75
3.5,9.0,14.75
3.5,9.0,14.8
3.5,9.5,13.700000000000001
3.5,9.5,13.75
3.5,9.5,14.75
3.5,9.5,14.8
3.5,10.0,13.700000000000001
3.5,10.0,13.75
3.5,10.0,14.75
3.5,10.0,14.8
3.5,10.5,13.700000000000001
3.5,10.5,13.75
3.5,10.5,14.75
3.5,10.5,14.8
3.5,11.0,13.75
3.5,11.0,14.75
3.5,11.5,13.75
3.5,11.5,13.8
3.5,11.5,14.700000000000001
3.5,11.5,14.75
3.5,12.0,13.75
3.5,12.0,13.8
3.5,12.0,14.700000000000001
3.5,12.0,14.75
3.5,12.5,13.75
3.5,12.5,13.8
3.5,12.5,14.700000000000001
3.5,12.5,14.75
3.5,13.0,13.8
3.5,13.0,13.850000000000001
3.5,13.0,14.65
3.5,13.0,14.700000000000001
3.5,13.5,13.8
3.5,13.5,13.850000000000001
3.5,13.5,14.65
3.5,13.5,14.700000000000001
3.5,14.0,13.8
3.5,14.0,13.850000000000001
3.5,14.0,14.65
3.5,14.0,14.700000000000001
3.5,14.5,13.850000000000001
3.5,14.5,13.9
3.5,14.5,14.600000000000001
3.5,14.5,14.65
3.5,15.0,13.850000000000001
3.5,15.0,13.9
3.5,15.0,14.600000000000001
3.5,15.0,14.65
3.5,15.5,13.850000000000001
3.5,15.5,13.9
3.5,15.5,14.55
3.5,15.5,14.600000000000001
3.5,15.5,14.65
3.5,16.0,13.9
3.5,16.0,13.950000000000001
3.5,16.0,14.55
3.5,16.0,14.600000000000001
3.5,16.5,13.9
3.5,16.5,13.950000000000001
3.5,16.5,14.55
3.5,16.5,14.600000000000001
3.5,17.0,13.950000000000001
3.5,17.0,14.0
3.5,17.0,14.5
3.5,17.0,14.55
3.5,17.5,13.950000000000001
3.5,17.5,14.0
3.5,17.5,14.450000000000001
3.5,17.5,14.5
3.5,17.5,14.55
3.5,18.0,14.0
3.5,18.0,14.05
3.5,18.0,14.450000000000001
3.5,18.0,14.5
3.5,18.5,14.0
3.5,18.5,14.05
3.5,18.5,14.100000000000001
3.5,18.5,14.4
3.5,18.5,14.450000000000001
3.5,18.5,14.5
3.5,19.0,14.05
3.5,19.0,14.100000000000001
3.5,19.0,14.15
3.5,19.0,14.350000000000001
3.5,19.0,14.4
3.5,19.0,14.450000000000001
3.5,19.5,14.100000000000001
3.5,19.5,14.15
3.5,19.5,14.200000000000001
3.5,19.5,14.3
3.5,19.5,14.350000000000001
3.5,19.5,14.4
3.5,20.0,14.15
3.5,20.0,14.200000000000001
3.5,20.0,14.25
3.5,20.0,14.3
3.5,20.0,14.350000000000001
4.0,3.0,14.100000000000001
4.0,3.0,14.15
4.0,3.0,14.200000000000001
4.0,3.0,14.25
4.0,3.0,14.3
4.0,3.0,14.350000000000001
4.0,3.0,14.4
4.0,3.0,14.450000000000001
4.0,3.5,13.950000000000001
4.0,3.5,14.0
4.0,3.5,14.05
4.0,3.5,14.100000000000001
4.0,3.5,14.15
4.0,3.5,14.200000000000001
4.0,3.5,14.25
4.0,3.5,14.3
4.0,3.5,14.350000000000001
4.0,3.5,14.4
4.0,3.5,14.450000000000001
4.0,3.5,14.5
4.0,3.5,14.55
4.0,3.5,14.600000000000001
4.0,4.0,13.850000000000001
4.0,4.0,13.9
4.0,4.0,13.950000000000001
4.0,4.0,14.0
4.0,4.0,14.05
4.0,4.0,14.55
4.0,4.0,14.600000000000001
4.0,4.0,14.65
4.0,4.0,14.700000000000001
4.0,4.5,13.8
4.0,4.5,13.850000000000001
4.0,4.5,13.9
4.0,4.5,13.950000000000001
4.0,4.5,14.65
4.0,4.5,14.700000000000001
4.0,4.5,14.75
4.0,5.0,13.8
4.0,5.0,13.850000000000001
4.0,5.0,13.9
4.0,5.0,14.75
4.0,5.0,14.8
4.0,5.5,13.75
4.0,5.5,13.8
4.0,5.5,13.850000000000001
4.0,5.5,14.75
4.0,5.5,14.8
4.0,6.0,13.75
4.0,6.0,13.8
4.0,6.0,14.8
4.0,6.5,13.75
4.0,6.5,13.8
4.0,6.5,14.8
4.0,6.5,14.850000000000001
4.0,7.0,13.700000000000001
4.0,7.0,13.75
4.0,7.0,14.8
4.0,7.0,14.850000000000001
4.0,7.5,13.700000000000001
4.0,7.5,13.75
4.0,7.5,14.8
4.0,7.5,14.850000000000001
4.0,8.0,13.700000000000001
4.0,8.0,13.75
4.0,8.0,14.8
4.0,8.0,14.850000000000001
4.0,8.5,13.700000000000001
4.0,8.5,13.75
4.0,8.5,14.8
4.0,8.5,14.850000000000001
4.0,9.0,13.75
4.0,9.0,14.8
4.0,9.0,14.850000000000001
4.0,9.5,13.75
4.0,9.5,14.8
4.0,9.5,14.850000000000001
4.0,10.0,13.75
4.0,10.0,13.8
4.0,10.0,14.8
4.0,10.5,13.75
4.0,10.5,13.8
4.0,10.5,14.75
4.0,10.5,14.8
4.0,11.0,13.75
4.0,11.0,13.8
4.0,11.0,14.75
4.0,11.0,14.8
4.0,11.5,13.75
4.0,11.5,13.8
4.0,11.5,14.75
4.0,11.5,14.8
4.0,12.0,13.8
4.0,12.0,14.75
4.0,12.0,14.8
4.0,12.5,13.8
4.0,12.5,13.850000000000001
4.0,12.5,14.700000000000001
4.0,12.5,14.75
4.0,13.0,13.8
4.0,13.0,13.850000000000001
4.0,13.0,14.700000000000001
4.0,13.0,14.75
4.0,13.5,13.850000000000001
4.0,13.5,14.700000000000001
4.0,13.5,14.75
4.0,14.0,13.850000000000001
4.0,14.0,13.9
4.0,14.0,14.65
4.0,14.0,14.700000000000001
4.0,14.5,13.850000000000001
4.0,14.5,13.9
4.0,14.5,14.65
4.0,14.5,14.700000000000001
4.0,15.0,13.9
4.0,15.0,14.65
4.0,15.0,14.700000000000001
4.0,15.5,13.9
4.0,15.5,13.950000000000001
4.0,15.5,14.600000000000001
4.0,15.5,14.65
4.0,16.0,13.9
4.0,16.0,13.950000000000001
4.0,16.0,14.600000000000001
4.0,16.0,14.65
4.0,16.5,13.950000000000001
4.0,16.5,14.0
4.0,16.5,14.55
4.0,16.5,14.600000000000001
4.0,17.0,13.950000000000001
4.0,17.0,14.0
4.0,17.0,14.55
4.0,17.0,14.600000000000001
4.0,17.5,14.0
4.0,17.5,14.05
4.0,17.5,14.5
4.0,17.5,14.55
4.0,18.0,14.0
4.0,18.0,14.05
4.0,18.0,14.5
4.0,18.0,14.55
4.0,18.5,14.05
4.0,18.5,14.100000000000001
4.0,18.5,14.450000000000001
4.0,18.5,14.5
4.0,19.0,14.100000000000001
4.0,19.0,14.15
4.0,19.0,14.4
4.0,19.0,14.450000000000001
4.0,19.0,14.5
4.0,19.5,14.15
4.0,19.5,14.200000000000001
4.0,19.5,14.350000000000001
4.0,19.5,14.4
4.0,19.5,14.450000000000001
4.0,20.0,14.200000000000001
4.0,20.0,14.25
4.0,20.0,14.3
4.0,20.0,14.350000000000001
4.0,20.0,14.4
4.5,3.5,14.05
4.5,3.5,14.100000000000001
4.5,3.5,14.15
4.5,3.5,14.200000000000001
4.5,3.5,14.25
4.5,3.5,14.3
4.5,3.5,14.350000000000001
4.5,3.5,14.4
4.5,3.5,14.450000000000001
4.5,3.5,14.5
4.5,3.5,14.55
4.5,4.0,13.950000000000001
4.5,4.0,14.0
4.5,4.0,14.05
4.5,4.0,14.100000000000001
4.5,4.0,14.15
4.5,4.0,14.200000000000001
4.5,4.0,14.25
4.5,4.0,14.3
4.5,4.0,14.350000000000001
4.5,4.0,14.4
4.5,4.0,14.450000000000001
4.5,4.0,14.5
4.5,4.0,14.55
4.5,4.0,14.600000000000001
4.5,4.0,14.65
4.5,4.5,13.9
4.5,4.5,13.950000000000001
4.5,4.5,14.0
4.5,4.5,14.05
4.5,4.5,14.600000000000001
4.5,4.5,14.65
4.5,4.5,14.700000000000001
4.5,4.5,14.75
4.5,5.0,13.850000000000001
4.5,5.0,13.9
4.5,5.0,13.950000000000001
4.5,5.0,14.700000000000001
4.5,5.0,14.75
4.5,5.5,13.8
4.5,5.5,13.850000000000001
4.5,5.5,13.9
4.5,5.5,14.75
4.5,5.5,14.8
4.5,6.0,13.8
4.5,6.0,13.850000000000001
4.5,6.0,14.8
4.5,6.0,14.850000000000001
4.5,6.5,13.75
4.5,6.5,13.8
4.5,6.5,13.850000000000001
4.5,6.5,14.8
4.5,6.5,14.850000000000001
4.5,7.0,13.75
4.5,7.0,13.8
4.5,7.0,14.850000000000001
4.5,7.5,13.75
4.5,7.5,13.8
4.5,7.5,14.850000000000001
4.5,8.0,13.75
4.5,8.0,13.8
4.5,8.0,14.850000000000001
4.5,8.5,13.75
4.5,8.5,13.8
4.5,8.5,14.850000000000001
4.5,9.0,13.75
4.5,9.0,13.8
4.5,9.0,14.850000000000001
4.5,9.5,13.75
4.5,9.5,13.8
4.5,9.5,14.8
4.5,9.5,14.850000000000001
4.5,10.0,13.75
4.5,10.0,13.8
4.5,10.0,14.8
4.5,10.0,14.850000000000001
4.5,10.5,13.8
4.5,10.5,14.8
4.5,10.5,14.850000000000001
4.5,11.0,13.8
4.5,11.0,14.8
4.5,11.0,14.850000000000001
4.5,11.5,13.8
4.5,11.5,13.850000000000001
4.5,11.5,14.8
4.5,12.0,13.8
4.5,12.0,13.850000000000001
4.5,12.0,14.75
4.5,12.0,14.8
4.5,12.5,13.8
4.5,12.5,13.850000000000001
4.5,12.5,14.75
4.5,12.5,14.8
4.5,13.0,13.850000000000001
4.5,13.0,14.75
4.5,13.0,14.8
4.5,13.5,13.850000000000001
4.5,13.5,13.9
4.5,13.5,14.700000000000001
4.5,13.5,14.75
4.5,14.0,13.850000000000001
4.5,14.0,13.9
4.5,14.0,14.700000000000001
4.5,14.0,14.75
4.5,14.5,13.9
4.5,14.5,14.700000000000001
4.5,14.5,14.75
4.5,15.0,13.9
4.5,15.0,13.950000000000001
4.5,15.0,14.65
4.5,15.0,14.700000000000001
4.5,15.5,13.9
4.5,15.5,13.950000000000001
4.5,15.5,14.65
4.5,15.5,14.700000000000001
4.5,16.0,13.950000000000001
4.5,16.0,14.0
4.5,16.0,14.600000000000001
4.5,16.0,14.65
4.5,16.5,13.950000000000001
4.5,16.5,14.0
4.5,16.5,14.600000000000001
4.5,16.5,14.65
4.5,17.0,14.0
4.5,17.0,14.05
4.5,17.0,14.55
4.5,17.0,14.600000000000001
4.5,17.0,14.65
4.5,17.5,14.0
4.5,17.5,14.05
4.5,17.5,14.55
4.5,17.5,14.600000000000001
4.5,18.0,14.05
4.5,18.0,14.100000000000001
4.5,18.0,14.5
4.5,18.0,14.55
4.5,18.5,14.05
4.5,18.5,14.100000000000001
4.5,18.5,14.15
4.5,18.5,14.5
4.5,18.5,14.55
4.5,19.0,14.100000000000001
4.5,19.0,14.15
4.5,19.0,14.450000000000001
4.5,19.0,14.5
4.5,19.5,14.15
4.5,19.5,14.200000000000001
4.5,19.5,14.25
4.5,19.5,14.4
4.5,19.5,14.450000000000001
4.5,20.0,14.200000000000001
4.5,20.0,14.25
4.5,20.0,14.3
4.5,20.0,14.350000000000001
4.5,20.0,14.4
5.0,3.5,14.3
5.0,3.5,14.350000000000001
5.0,4.0,14.05
5.0,4.0,14.100000000000001
5.0,4.0,14.15
5.0,4.0,14.200000000000001
5.0,4.0,14.25
5.0,4.0,14.3
5.0,4.0,14.350000000000001
5.0,4.0,14.4
5.0,4.0,14.450000000000001
5.0,4.0,14.5
5.0,4.0,14.55
5.0,4.0,14.600000000000001
5.0,4.5,13.950000000000001
5.0,4.5,14.0
5.0,4.5,14.05
5.0,4.5,14.100000000000001
5.0,4.5,14.15
5.0,4.5,14.200000000000001
5.0,4.5,14.5
5.0,4.5,14.55
5.0,4.5,14.600000000000001
5.0,4.5,14.65
5.0,4.5,14.700000000000001
5.0,5.0,13.9
5.0,5.0,13.950000000000001
5.0,5.0,14.0
5.0,5.0,14.05
5.0,5.0,14.65
5.0,5.0,14.700000000000001
5.0,5.0,14.75
5.0,5.5,13.850000000000001
5.0,5.5,13.9
5.0,5.5,13.950000000000001
5.0,5.5,14.75
5.0,5.5,14.8
5.0,6.0,13.850000000000001
5.0,6.0,13.9
5.0,6.0,14.8
5.0,6.5,13.8
5.0,6.5,13.850000000000001
5.0,6.5,13.9
5.0,6.5,14.8
5.0,6.5,14.850000000000001
5.0,7.0,13.8
5.0,7.0,13.850000000000001
5.0,7.0,14.850000000000001
5.0,7.5,13.8
5.0,7.5,13.850000000000001
5.0,7.5,14.850000000000001
5.0,8.0,13.8
5.0,8.0,14.850000000000001
5.0,8.5,13.8
5.0,8.5,14.850000000000001
5.0,9.0,13.8
5.0,9.0,14.850000000000001
5.0,9.5,13.8
5.0,9.5,14.850000000000001
5.0,10.0,13.8
5.0,10.0,14.850000000000001
5.0,10.5,13.8
5.0,10.5,13.850000000000001
5.0,10.5,14.850000000000001
5.0,11.0,13.8
5.0,11.0,13.850000000000001
5.0,11.0,14.8
5.0,11.0,14.850000000000001
5.0,11.5,13.8
5.0,11.5,13.850000000000001
5.0,11.5,14.8
5.0,11.5,14.850000000000001
5.0,12.0,13.850000000000001
5.0,12.0,14.8
5.0,12.0,14.850000000000001
5.0,12.5,13.850000000000001
5.0,12.5,14.8
5.0,13.0,13.850000000000001
5.0,13.0,13.9
5.0,13.0,14.75
5.0,13.0,14.8
5.0,13.5,13.850000000000001
5.0,13.5,13.9
5.0,13.5,14.75
5.0,13.5,14.8
5.0,14.0,13.9
5.0,14.0,14.75
5.0,14.5,13.9
5.0,14.5,13.950000000000001
5.0,14.5,14.700000000000001
5.0,14.5,14.75
5.0,15.0,13.9
5.0,15.0,13.950000000000001
5.0,15.0,14.700000000000001
5.0,15.0,14.75
5.0,15.5,13.950000000000001
5.0,15.5,14.0
5.0,15.5,14.65
5.0,15.5,14.700000000000001
5.0,16.0,13.950000000000001
5.0,16.0,14.0
5.0,16.0,14.65
5.0,16.0,14.700000000000001
5.0,16.5,14.0
5.0,16.5,14.65
5.0,17.0,14.0
5.0,17.0,14.05
5.0,17.0,14.600000000000001
5.0,17.0,14.65
5.0,17.5,14.05
5.0,17.5,14.100000000000001
5.0,17.5,14.55
5.0,17.5,14.600000000000001
5.0,18.0,14.05
5.0,18.0,14.100000000000001
5.0,18.0,14.55
5.0,18.0,14.600000000000001
5.0,18.5,14.100000000000001
5.0,18.5,14.15
5.0,18.5,14.5
5.0,18.5,14.55
5.0,19.0,14.15
5.0,19.0,14.200000000000001
5.0,19.0,14.450000000000001
5.0,19.0,14.5
5.0,19.5,14.15
5.0,19.5,14.200000000000001
5.0,19.5,14.25
5.0,19.5,14.4
5.0,19.5,14.450000000000001
5.0,19.5,14.5
5.0,20.0,14.25
5.0,20.0,14.3
5.0,20.0,14.350000000000001
5.0,20.0,14.4
5.5,4.0,14.200000000000001
5.5,4.0,14.25
5.5,4.0,14.3
5.5,4.0,14.350000000000001
5.5,4.0,14.4
5.5,4.0,14.450000000000001
5.5,4.0,14.5
5.5,4.5,14.05
5.5,4.5,14.100000000000001
5.5,4.5,14.15
5.5,4.5,14.200000000000001
5.5,4.5,14.25
5.5,4.5,14.3
5.5,4.5,14.350000000000001
5.5,4.5,14.4
5.5,4.5,14.450000000000001
5.5,4.5,14.5
5.5,4.5,14.55
5.5,4.5,14.600000000000001
5.5,4.5,14.65
5.5,5.0,13.950000000000001
5.5,5.0,14.0
5.5,5.0,14.05
5.5,5.0,14.100000000000001
5.5,5.0,14.15
5.5,5.0,14.600000000000001
5.5,5.0,14.65
5.5,5.0,14.700000000000001
5.5,5.0,14.75
5.5,5.5,13.9
5.5,5.5,13.950000000000001
5.5,5.5,14.0
5.5,5.5,14.05
5.5,5.5,14.700000000000001
5.5,5.5,14.75
5.5,5.5,14.8
5.5,6.0,13.9
5.5,6.0,13.950000000000001
5.5,6.0,14.75
5.5,6.0,14.8
5.5,6.5,13.850000000000001
5.5,6.5,13.9
5.5,6.5,13.950000000000001
5.5,6.5,14.8
5.5,6.5,14.850000000000001
5.5,7.0,13.850000000000001
5.5,7.0,13.9
5.5,7.0,14.850000000000001
5.5,7.5,13.8
5.5,7.5,13.850000000000001
5.5,7.5,14.850000000000001
5.5,8.0,13.8
5.5,8.0,13.850000000000001
5.5,8.0,14.850000000000001
5.5,8.0,14.9
5.5,8.5,13.8
5.5,8.5,13.850000000000001
5.5,8.5,14.850000000000001
5.5,8.5,14.9
5.5,9.0,13.8
5.5,9.0,13.850000000000001
5.5,9.0,14.850000000000001
5.5,9.0,14.9
5.5,9.5,13.8
5.5,9.5,13.850000000000001
5.5,9.5,14.850000000000001
5.5,9.5,14.9
5.5,10.0,13.8
5.5,10.0,13.850000000000001
5.5,10.0,14.850000000000001
5.5,10.0,14.9
5.5,10.5,13.8
5.5,10.5,13.850000000000001
5.5,10.5,14.850000000000001
5.5,11.0,13.850000000000001
5.5,11.0,14.850000000000001
5.5,11.5,13.850000000000001
5.5,11.5,14.850000000000001
5.5,12.0,13.850000000000001
5.5,12.0,13.9
5.5,12.0,14.8
5.5,12.0,14.850000000000001
5.5,12.5,13.850000000000001
5.5,12.5,13.9
5.5,12.5,14.8
5.5,12.5,14.850000000000001
5.5,13.0,13.850000000000001
5.5,13.0,13.9
5.5,13.0,14.8
5.5,13.5,13.9
5.5,13.5,14.75
5.5,13.5,14.8
5.5,14.0,13.9
5.5,14.0,13.950000000000001
5.5,14.0,14.75
5.5,14.0,14.8
5.5,14.5,13.9
5.5,14.5,13.950000000000001
5.5,14.5,14.75
5.5,15.0,13.950000000000001
5.5,15.0,14.0
5.5,15.0,14.700000000000001
5.5,15.0,14.75
5.5,15.5,13.950000000000001
5.5,15.5,14.0
5.5,15.5,14.700000000000001
5.5,15.5,14.75
5.5,16.0,14.0
5.5,16.0,14.65
5.5,16.0,14.700000000000001
5.5,16.5,14.0
5.5,16.5,14.05
5.5,16.5,14.65
5.5,16.5,14.700000000000001
5.5,17.0,14.0
5.5,17.0,14.05
5.5,17.0,14.600000000000001
5.5,17.0,14.65
5.5,17.5,14.05
5.5,17.5,14.100000000000001
5.5,17.5,14.600000000000001
5.5,17.5,14.65
5.5,18.0,14.100000000000001
5.5,18.0,14.15
5.5,18.0,14.55
5.5,18.0,14.600000000000001
5.5,18.5,14.100000000000001
5.5,18.5,14.15
5.5,18.5,14.5
5.5,18.5,14.55
5.5,18.5,14.600000000000001
5.5,19.0,14.15
5.5,19.0,14.200000000000001
5.5,19.0,14.5
5.5,19.0,14.55
5.5,19.5,14.200000000000001
5.5,19.5,14.25
5.5,19.5,14.3
5.5,19.5,14.4
5.5,19.5,14.450000000000001
5.5,19.5,14.5
5.5,20.0,14.25
5.5,20.0,14.3
5.5,20.0,14.350000000000001
5.5,20.0,14.4
5.5,20.0,14.450000000000001
6.0,4.5,14.15
6.0,4.5,14.200000000000001
6.0,4.5,14.25
6.0,4.5,14.3
6.0,4.5,14.350000000000001
6.0,4.5,14.4
6.0,4.5,14.450000000000001
6.0,4.5,14.5
6.0,4.5,14.55
6.0,4.5,14.600000000000001
6.0,5.0,14.05
6.0,5.0,14.100000000000001
6.0,5.0,14.15
6.0,5.0,14.200000000000001
6.0,5.0,14.25
6.0,5.0,14.3
6.0,5.0,14.450000000000001
6.0,5.0,14.5
6.0,5.0,14.55
6.0,5.0,14.600000000000001
6.0,5.0,14.65
6.0,5.0,14.700000000000001
6.0,5.5,13.950000000000001
6.0,5.5,14.0
6.0,5.5,14.05
6.0,5.5,14.100000000000001
6.0,5.5,14.65
6.0,5.5,14.700000000000001
6.0,5.5,14.75
6.0,6.0,13.950000000000001
6.0,6.0,14.0
6.0,6.0,14.05
6.0,6.0,14.75
6.0,6.0,14.8
6.0,6.5,13.9
6.0,6.5,13.950000000000001
6.0,6.5,14.0
6.0,6.5,14.8
6.0,6.5,14.850000000000001
6.0,7.0,13.850000000000001
6.0,7.0,13.9
6.0,7.0,13.950000000000001
6.0,7.0,14.8
6.0,7.0,14.850000000000001
6.0,7.5,13.850000000000001
6.0,7.5,13.9
6.0,7.5,14.850000000000001
6.0,8.0,13.850000000000001
6.0,8.0,13.9
6.0,8.0,14.850000000000001
6.0,8.0,14.9
6.0,8.5,13.850000000000001
6.0,8.5,13.9
6.0,8.5,14.9
6.0,9.0,13.850000000000001
6.0,9.0,14.9
6.0,9.5,13.850000000000001
6.0,9.5,14.9
6.0,10.0,13.850000000000001
6.0,10.0,14.850000000000001
6.0,10.0,14.9
6.0,10.5,13.850000000000001
6.0,10.5,14.850000000000001
6.0,10.5,14.9
6.0,11.0,13.850000000000001
6.0,11.0,13.9
6.0,11.0,14.850000000000001
6.0,11.0,14.9
6.0,11.5,13.850000000000001
6.0,11.5,13.9
6.0,11.5,14.850000000000001
6.0,12.0,13.850000000000001
6.0,12.0,13.9
6.0,12.0,14.850000000000001
6.0,12.5,13.9
6.0,12.5,14.8
6.0,12.5,14.850000000000001
6.0,13.0,13.9
6.0,13.0,13.950000000000001
6.0,13.0,14.8
6.0,13.0,14.850000000000001
6.0,13.5,13.9
6.0,13.5,13.950000000000001
6.0,13.5,14.8
6.0,14.0,13.9
6.0,14.0,13.950000000000001
6.0,14.0,14.75
6.0,14.0,14.8
6.0,14.5,13.950000000000001
6.0,14.5,14.75
6.0,14.5,14.8
6.0,15.0,13.950000000000001
6.0,15.0,14.0
6.0,15.0,14.75
6.0,15.5,14.0
6.0,15.5,14.700000000000001
6.0,15.5,14.75
6.0,16.0,14.0
6.0,16.0,14.05
6.0,16.0,14.700000000000001
6.0,16.0,14.75
6.0,16.5,14.0
6.0,16.5,14.05
6.0,16.5,14.65
6.0,16.5,14.700000000000001
6.0,17.0,14.05
6.0,17.0,14.100000000000001
6.0,17.0,14.65
6.0,17.0,14.700000000000001
6.0,17.5,14.05
6.0,17.5,14.100000000000001
6.0,17.5,14.600000000000001
6.0,17.5,14.65
6.0,18.0,14.100000000000001
6.0,18.0,14.15
6.0,18.0,14.600000000000001
6.0,18.0,14.65
6.0,18.5,14.15
6.0,18.5,14.200000000000001
6.0,18.5,14.55
6.0,18.5,14.600000000000001
6.0,19.0,14.15
6.0,19.0,14.200000000000001
6.0,19.0,14.25
6.0,19.0,14.5
6.0,19.0,14.55
6.0,19.5,14.200000000000001
6.0,19.5,14.25
6.0,19.5,14.3
6.0,19.5,14.450000000000001
6.0,19.5,14.5
6.0,20.0,14.3
6.0,20.0,14.350000000000001
6.0,20.0,14.4
6.0,20.0,14.450000000000001
6.5,4.5,14.3
6.5,4.5,14.350000000000001
6.5,4.5,14.4
6.5,4.5,14.450000000000001
6.5,5.0,14.100000000000001
6.5,5.0,14.15
6.5,5.0,14.200000000000001
6.5,5.0,14.25
6.5,5.0,14.3
6.5,5.0,14.350000000000001
6.5,5.0,14.4
6.5,5.0,14.450000000000001
6.5,5.0,14.5
6.5,5.0,14.55
6.5,5.0,14.600000000000001
6.5,5.0,14.65
6.5,5.5,14.05
6.5,5.5,14.100000000000001
6.5,5.5,14.15
6.5,5.5,14.200000000000001
6.5,5.5,14.25
6.5,5.5,14.55
6.5,5.5,14.600000000000001
6.5,5.5,14.65
6.5,5.5,14.700000000000001
6.5,5.5,14.75
6.5,6.0,14.0
6.5,6.0,14.05
6.5,6.0,14.100000000000001
6.5,6.0,14.700000000000001
6.5,6.0,14.75
6.5,6.0,14.8
6.5,6.5,13.950000000000001
6.5,6.5,14.0
6.5,6.5,14.05
6.5,6.5,14.75
6.5,6.5,14.8
6.5,7.0,13.9
6.5,7.0,13.950000000000001
6.5,7.0,14.0
6.5,7.0,14.8
6.5,7.0,14.850000000000001
6.5,7.5,13.9
6.5,7.5,13.950000000000001
6.5,7.5,14.850000000000001
6.5,8.0,13.9
6.5,8.0,13.950000000000001
6.5,8.0,14.850000000000001
6.5,8.0,14.9
6.5,8.5,13.850000000000001
6.5,8.5,13.9
6.5,8.5,14.9
6.5,9.0,13.850000000000001
6.5,9.0,13.9
6.5,9.0,14.9
6.5,9.5,13.850000000000001
6.5,9.5,13.9
6.5,9.5,14.9
6.5,10.0,13.850000000000001
6.5,10.0,13.9
6.5,10.0,14.9
6.5,10.5,13.850000000000001
6.5,10.5,13.9
6.5,10.5,14.9
6.5,11.0,13.850000000000001
6.5,11.0,13.9
6.5,11.0,14.850000000000001
6.5,11.0,14.9
6.5,11.5,13.9
6.5,11.5,14.850000000000001
6.5,11.5,14.9
6.5,12.0,13.9
6.5,12.0,14.850000000000001
6.5,12.5,13.9
6.5,12.5,13.950000000000001
6.5,12.5,14.850000000000001
6.5,13.0,13.9
6.5,13.0,13.950000000000001
6.5,13.0,14.8
6.5,13.0,14.850000000000001
6.5,13.5,13.950000000000001
6.5,13.5,14.8
6.5,13.5,14.850000000000001
6.5,14.0,13.950000000000001
6.5,14.0,14.8
6.5,14.5,13.950000000000001
6.5,14.5,14.0
6.5,14.5,14.75
6.5,14.5,14.8
6.5,15.0,13.950000000000001
6.5,15.0,14.0
6.5,15.0,14.75
6.5,15.0,14.8
6.5,15.5,14.0
6.5,15.5,14.05
6.5,15.5,14.75
6.5,16.0,14.0
6.5,16.0,14.05
6.5,16.0,14.700000000000001
6.5,16.0,14.75
6.5,16.5,14.05
6.5,16.5,14.700000000000001
6.5,16.5,14.75
6.5,17.0,14.05
6.5,17.0,14.100000000000001
6.5,17.0,14.65
6.5,17.0,14.700000000000001
6.5,17.5,14.100000000000001
6.5,17.5,14.15
6.5,17.5,14.65
6.5,17.5,14.700000000000001
6.5,18.0,14.100000000000001
6.5,18.0,14.15
6.5,18.0,14.600000000000001
6.5,18.0,14.65
6.5,18.5,14.15
6.5,18.5,14.200000000000001
6.5,18.5,14.55
6.5,18.5,14.600000000000001
6.5,19.0,14.200000000000001
6.5,19.0,14.25
6.5,19.0,14.5
6.5,19.0,14.55
6.5,19.0,14.600000000000001
6.5,19.5,14.25
6.5,19.5,14.3
6.5,19.5,14.350000000000001
6.5,19.5,14.450000000000001
6.5,19.5,14.5
6.5,19.5,14.55
6.5,20.0,14.3
6.5,20.0,14.350000000000001
6.5,20.0,14.4
6.5,20.0,14.450000000000001
7.0,5.0,14.25
7.0,5.0,14.3
7.0,5.0,14.350000000000001
7.0,5.0,14.4
7.0,5.0,14.450000000000001
7.0,5.0,14.5
7.0,5.0,14.55
7.0,5.5,14.100000000000001
7.0,5.5,14.15
7.0,5.5,14.200000000000001
7.0,5.5,14.25
7.0,5.5,14.3
7.0,5.5,14.350000000000001
7.0,5.5,14.4
7.0,5.5,14.450000000000001
7.0,5.5,14.5
7.0,5.5,14.55
7.0,5.5,14.600000000000001
7.0,5.5,14.65
7.0,5.5,14.700000000000001
7.0,6.0,14.05
7.0,6.0,14.100000000000001
7.0,6.0,14.15
7.0,6.0,14.200000000000001
7.0,6.0,14.600000000000001
7.0,6.0,14.65
7.0,6.0,14.700000000000001
7.0,6.0,14.75
7.0,6.5,14.0
7.0,6.5,14.05
7.0,6.5,14.100000000000001
7.0,6.5,14.700000000000001
7.0,6.5,14.75
7.0,6.5,14.8
7.0,7.0,13.950000000000001
7.0,7.0,14.0
7.0,7.0,14.05
7.0,7.0,14.8
7.0,7.0,14.850000000000001
7.0,7.5,13.950000000000001
7.0,7.5,14.0
7.0,7.5,14.8
7.0,7.5,14.850000000000001
7.0,8.0,13.9
7.0,8.0,13.950000000000001
7.0,8.0,14.850000000000001
7.0,8.0,14.9
7.0,8.5,13.9
7.0,8.5,13.950000000000001
7.0,8.5,14.850000000000001
7.0,8.5,14.9
7.0,9.0,13.9
7.0,9.0,13.950000000000001
7.0,9.0,14.9
7.0,9.5,13.9
7.0,9.5,14.9
7.0,10.0,13.9
7.0,10.0,14.9
7.0,10.5,13.9
7.0,10.5,14.9
7.0,11.0,13.9
7.0,11.0,14.9
7.0,11.5,13.9
7.0,11.5,13.950000000000001
7.0,11.5,14.850000000000001
7.0,11.5,14.9
7.0,12.0,13.9
7.0,12.0,13.950000000000001
7.0,12.0,14.850000000000001
7.0,12.0,14.9
7.0,12.5,13.9
7.0,12.5,13.950000000000001
7.0,12.5,14.850000000000001
7.0,13.0,13.950000000000001
7.0,13.0,14.850000000000001
7.0,13.5,13.950000000000001
7.0,13.5,14.8
7.0,13.5,14.850000000000001
7.0,14.0,13.950000000000001
7.0,14.0,14.0
7.0,14.0,14.8
7.0,14.0,14.850000000000001
7.0,14.5,13.950000000000001
7.0,14.5,14.0
7.0,14.5,14.8
7.0,15.0,14.0
7.0,15.0,14.75
7.0,15.0,14.8
7.0,15.5,14.0
7.0,15.5,14.05
7.0,15.5,14.75
7.0,15.5,14.8
7.0,16.0,14.05
7.0,16.0,14.75
7.0,16.5,14.05
7.0,16.5,14.100000000000001
7.0,16.5,14.700000000000001
7.0,16.5,14.75
7.0,17.0,14.05
7.0,17.0,14.100000000000001
7.0,17.0,14.700000000000001
7.0,17.5,14.100000000000001
7.0,17.5,14.15
7.0,17.5,14.65
7.0,17.5,14.700000000000001
7.0,18.0,14.15
7.0,18.0,14.200000000000001
7.0,18.0,14.600000000000001
7.0,18.0,14.65
7.0,18.5,14.15
7.0,18.5,14.200000000000001
7.0,18.5,14.600000000000001
7.0,18.5,14.65
7.0,19.0,14.200000000000001
7.0,19.0,14.25
7.0,19.0,14.55
7.0,19.0,14.600000000000001
7.0,19.5,14.25
7.0,19.5,14.3
7.0,19.5,14.350000000000001
7.0,19.5,14.450000000000001
7.0,19.5,14.5
7.0,19.5,14.55
7.0,20.0,14.350000000000001
7.0,20.0,14.4
7.0,20.0,14.450000000000001
7.5,5.5,14.200000000000001
7.5,5.5,14.25
7.5,5.5,14.3
7.5,5.5,14.350000000000001
7.5,5.5,14.4
7.5,5.5,14.450000000000001
7.5,5.5,14.5
7.5,5.5,14.55
7.5,5.5,14.600000000000001
7.5,6.0,14.100000000000001
7.5,6.0,14.15
7.5,6.0,14.200000000000001
7.5,6.0,14.25
7.5,6.0,14.3
7.5,6.0,14.350000000000001
7.5,6.0,14.5
7.5,6.0,14.55
7.5,6.0,14.600000000000001
7.5,6.0,14.65
7.5,6.0,14.700000000000001
7.5,6.5,14.05
7.5,6.5,14.100000000000001
7.5,6.5,14.15
7.5,6.5,14.200000000000001
7.5,6.5,14.65
7.5,6.5,14.700000000000001
7.5,6.5,14.75
7.5,6.5,14.8
7.5,7.0,14.0
7.5,7.0,14.05
7.5,7.0,14.100000000000001
7.5,7.0,14.75
7.5,7.0,14.8
7.5,7.5,13.950000000000001
7.5,7.5,14.0
7.5,7.5,14.05
7.5,7.5,14.8
7.5,7.5,14.850000000000001
7.5,8.0,13.950000000000001
7.5,8.0,14.0
7.5,8.0,14.850000000000001
7.5,8.5,13.950000000000001
7.5,8.5,14.0
7.5,8.5,14.850000000000001
7.5,8.5,14.9
7.5,9.0,13.9
7.5,9.0,13.950000000000001
7.5,9.0,14.9
7.5,9.5,13.9
7.5,9.5,13.950000000000001
7.5,9.5,14.9
7.5,10.0,13.9
7.5,10.0,13.950000000000001
7.5,10.0,14.9
7.5,10.5,13.9
7.5,10.5,13.950000000000001
7.5,10.5,14.9
7.5,11.0,13.9
7.5,11.0,13.950000000000001
7.5,11.0,14.9
7.5,11.5,13.9
7.5,11.5,13.950000000000001
7.5,11.5,14.9
7.5,12.0,13.950000000000001
7.5,12.0,14.850000000000001
7.5,12.0,14.9
7.5,12.5,13.950000000000001
7.5,12.5,14.850000000000001
7.5,12.5,14.9
7.5,13.0,13.950000000000001
7.5,13.0,14.0
7.5,13.0,14.850000000000001
7.5,13.5,13.950000000000001
7.5,13.5,14.0
7.5,13.5,14.850000000000001
7.5,14.0,13.950000000000001
7.5,14.0,14.0
7.5,14.0,14.8
7.5,14.0,14.850000000000001
7.5,14.5,14.0
7.5,14.5,14.8
7.5,14.5,14.850000000000001
7.5,15.0,14.0
7.5,15.0,14.05
7.5,15.0,14.8
7.5,15.5,14.0
7.5,15.5,14.05
7.5,15.5,14.75
7.5,15.5,14.8
7.5,16.0,14.05
7.5,16.0,14.100000000000001
7.5,16.0,14.75
7.5,16.0,14.8
7.5,16.5,14.05
7.5,16.5,14.100000000000001
7.5,16.5,14.700000000000001
7.5,16.5,14.75
7.5,17.0,14.100000000000001
7.5,17.0,14.15
7.5,17.0,14.700000000000001
7.5,17.0,14.75
7.5,17.5,14.100000000000001
7.5,17.5,14.15
7.5,17.5,14.65
7.5,17.5,14.700000000000001
7.5,18.0,14.15
7.5,18.0,14.200000000000001
7.5,18.0,14.65
7.5,18.0,14.700000000000001
7.5,18.5,14.200000000000001
7.5,18.5,14.25
7.5,18.5,14.600000000000001
7.5,18.5,14.65
7.5,19.0,14.200000000000001
7.5,19.0,14.25
7.5,19.0,14.3
7.5,19.0,14.55
7.5,19.0,14.600000000000001
7.5,19.5,14.25
7.5,19.5,14.3
7.5,19.5,14.350000000000001
7.5,19.5,14.450000000000001
7.5,19.5,14.5
7.5,19.5,14.55
7.5,20.0,14.350000000000001
7.5,20.0,14.4
7.5,20.0,14.450000000000001
7.5,20.0,14.5
8.0,5.5,14.350000000000001
8.0,5.5,14.4
8.0,5.5,14.450000000000001
8.0,5.5,14.5
8.0,6.0,14.200000000000001
8.0,6.0,14.25
8.0,6.0,14.3
8.0,6.0,14.350000000000001
8.0,6.0,14.4
8.0,6.0,14.450000000000001
8.0,6.0,14.5
8.0,6.0,14.55
8.0,6.0,14.600000000000001
8.0,6.0,14.65
8.0,6.5,14.100000000000001
8.0,6.5,14.15
8.0,6.5,14.200000000000001
8.0,6.5,14.25
8.0,6.5,14.3
8.0,6.5,14.600000000000001
8.0,6.5,14.65
8.0,6.5,14.700000000000001
8.0,6.5,14.75
8.0,7.0,14.05
8.0,7.0,14.100000000000001
8.0,7.0,14.15
8.0,7.0,14.700000000000001
8.0,7.0,14.75
8.0,7.0,14.8
8.0,7.5,14.0
8.0,7.5,14.05
8.0,7.5,14.100000000000001
8.0,7.5,14.75
8.0,7.5,14.8
8.0,7.5,14.850000000000001
8.0,8.0,14.0
8.0,8.0,14.05
8.0,8.0,14.8
8.0,8.0,14.850000000000001
8.0,8.5,13.950000000000001
8.0,8.5,14.0
8.0,8.5,14.05
8.0,8.5,14.850000000000001
8.0,8.5,14.9
8.0,9.0,13.950000000000001
8.0,9.0,14.0
8.0,9.0,14.850000000000001
8.0,9.0,14.9
8.0,9.5,13.950000000000001
8.0,9.5,14.0
8.0,9.5,14.9
8.0,10.0,13.950000000000001
8.0,10.0,14.9
8.0,10.5,13.950000000000001
8.0,10.5,14.9
8.0,11.0,13.950000000000001
8.0,11.0,14.9
8.0,11.5,13.950000000000001
8.0,11.5,14.9
8.0,12.0,13.950000000000001
8.0,12.0,14.0
8.0,12.0,14.9
8.0,12.5,13.950000000000001
8.0,12.5,14.0
8.0,12.5,14.850000000000001
8.0,12.5,14.9
8.0,13.0,13.950000000000001
8.0,13.0,14.0
8.0,13.0,14.850000000000001
8.0,13.0,14.9
8.0,13.5,14.0
8.0,13.5,14.850000000000001
8.0,14.0,14.0
8.0,14.0,14.850000000000001
8.0,14.5,14.0
8.0,14.5,14.05
8.0,14.5,14.8
8.0,14.5,14.850000000000001
8.0,15.0,14.0
8.0,15.0,14.05
8.0,15.0,14.8
8.0,15.0,14.850000000000001
8.0,15.5,14.05
8.0,15.5,14.8
8.0,16.0,14.05
8.0,16.0,14.100000000000001
8.0,16.0,14.75
8.0,16.0,14.8
8.0,16.5,14.100000000000001
8.0,16.5,14.75
8.0,17.0,14.100000000000001
8.0,17.0,14.15
8.0,17.0,14.700000000000001
8.0,17.0,14.75
8.0,17.5,14.15
8.0,17.5,14.700000000000001
8.0,18.0,14.15
8.0,18.0,14.200000000000001
8.0,18.0,14.65
8.0,18.0,14.700000000000001
8.0,18.5,14.200000000000001
8.0,18.5,14.25
8.0,18.5,14.600000000000001
8.0,18.5,14.65
8.0,19.0,14.25
8.0,19.0,14.3
8.0,19.0,14.55
8.0,19.0,14.600000000000001
8.0,19.5,14.3
8.0,19.5,14.350000000000001
8.0,19.5,14.5
8.0,19.5,14.55
8.0,20.0,14.350000000000001
8.0,20.0,14.4
8.0,20.0,14.450000000000001
8.0,20.0,14.5
8.5,6.0,14.3
8.5,6.0,14.350000000000001
8.5,6.0,14.4
8.5,6.0,14.450000000000001
8.5,6.0,14.5
8.5,6.0,14.55
8.5,6.0,14.600000000000001
8.5,6.5,14.15
8.5,6.5,14.200000000000001
8.5,6.5,14.25
8.5,6.5,14.3
8.5,6.5,14.350000000000001
8.5,6.5,14.4
8.5,6.5,14.450000000000001
8.5,6.5,14.5
8.5,6.5,14.55
8.5,6.5,14.600000000000001
8.5,6.5,14.65
8.5,6.5,14.700000000000001
8.5,7.0,14.100000000000001
8.5,7.0,14.15
8.5,7.0,14.200000000000001
8.5,7.0,14.25
8.5,7.0,14.65
8.5,7.0,14.700000000000001
8.5,7.0,14.75
8.5,7.5,14.05
8.5,7.5,14.100000000000001
8.5,7.5,14.15
8.5,7.5,14.75
8.5,7.5,14.8
8.5,8.0,14.05
8.5,8.0,14.100000000000001
8.5,8.0,14.8
8.5,8.0,14.850000000000001
8.5,8.5,14.0
8.5,8.5,14.05
8.5,8.5,14.850000000000001
8.5,9.0,14.0
8.5,9.0,14.05
8.5,9.0,14.850000000000001
8.5,9.0,14.9
8.5,9.5,13.950000000000001
8.5,9.5,14.0
8.5,9.5,14.9
8.5,10.0,13.950000000000001
8.5,10.0,14.0
8.5,10.0,14.9
8.5,10.5,13.950000000000001
8.5,10.5,14.0
8.5,10.5,14.9
8.5,11.0,13.950000000000001
8.5,11.0,14.0
8.5,11.0,14.9
8.5,11.5,13.950000000000001
8.5,11.5,14.0
8.5,11.5,14.9
8.5,12.0,13.950000000000001
8.5,12.0,14.0
8.5,12.0,14.9
8.5,12.5,14.0
8.5,12.5,14.9
8.5,13.0,14.0
8.5,13.0,14.850000000000001
8.5,13.0,14.9
8.5,13.5,14.0
8.5,13.5,14.850000000000001
8.5,13.5,14.9
8.5,14.0,14.0
8.5,14.0,14.05
8.5,14.0,14.850000000000001
8.5,14.5,14.0
8.5,14.5,14.05
8.5,14.5,14.850000000000001
8.5,15.0,14.05
8.5,15.0,14.8
8.5,15.0,14.850000000000001
8.5,15.5,14.05
8.5,15.5,14.100000000000001
8.5,15.5,14.8
8.5,16.0,14.05
8.5,16.0,14.100000000000001
8.5,16.0,14.75
8.5,16.0,14.8
8.5,16.5,14.100000000000001
8.5,16.5,14.15
8.5,16.5,14.75
8.5,16.5,14.8
8.5,17.0,14.100000000000001
8.5,17.0,14.15
8.5,17.0,14.700000000000001
8.5,17.0,14.75
8.5,17.5,14.15
8.5,17.5,14.200000000000001
8.5,17.5,14.700000000000001
8.5,17.5,14.75
8.5,18.0,14.15
8.5,18.0,14.200000000000001
8.5,18.0,14.65
8.5,18.0,14.700000000000001
8.5,18.5,14.200000000000001
8.5,18.5,14.25
8.5,18.5,14.600000000000001
8.5,18.5,14.65
8.5,19.0,14.25
8.5,19.0,14.3
8.5,19.0,14.55
8.5,19.0,14.600000000000001
8.5,19.0,14.65
8.5,19.5,14.3
8.5,19.5,14.350000000000001
8.5,19.5,14.4
8.5,19.5,14.5
8.5,19.5,14.55
8.5,19.5,14.600000000000001
8.5,20.0,14.350000000000001
8.5,20.0,14.4
8.5,20.0,14.450000000000001
8.5,20.0,14.5
9.0,6.5,14.25
9.0,6.5,14.3
9.0,6.5,14.350000000000001
9.0,6.5,14.4
9.0,6.5,14.450000000000001
9.0,6.5,14.5
9.0,6.5,14.55
9.0,6.5,14.600000000000001
9.0,6.5,14.65
9.0,7.0,14.15
9.0,7.0,14.200000000000001
9.0,7.0,14.25
9.0,7.0,14.3
9.0,7.0,14.350000000000001
9.0,7.0,14.4
9.0,7.0,14.55
9.0,7.0,14.600000000000001
9.0,7.0,14.65
9.0,7.0,14.700000000000001
9.0,7.0,14.75
9.0,7.5,14.100000000000001
9.0,7.5,14.15
9.0,7.5,14.200000000000001
9.0,7.5,14.25
9.0,7.5,14.700000000000001
9.0,7.5,14.75
9.0,7.5,14.8
9.0,8.0,14.05
9.0,8.0,14.100000000000001
9.0,8.0,14.15
9.0,8.0,14.75
9.0,8.0,14.8
9.0,8.0,14.850000000000001
9.0,8.5,14.05
9.0,8.5,14.100000000000001
9.0,8.5,14.8
9.0,8.5,14.850000000000001
9.0,9.0,14.0
9.0,9.0,14.05
9.0,9.0,14.100000000000001
9.0,9.0,14.850000000000001
9.0,9.0,14.9
9.0,9.5,14.0
9.0,9.5,14.05
9.0,9.5,14.850000000000001
9.0,9.5,14.9
9.0,10.0,14.0
9.0,10.0,14.05
9.0,10.0,14.9
9.0,10.5,14.0
9.0,10.5,14.9
9.0,11.0,14.0
9.0,11.0,14.9
9.0,11.5,14.0
9.0,11.5,14.9
9.0,12.0,14.0
9.0,12.0,14.9
9.0,12.5,14.0
9.0,12.5,14.9
9.0,13.0,14.0
9.0,13.0,14.05
9.0,13.0,14.9
9.0,13.5,14.0
9.0,13.5,14.05
9.0,13.5,14.850000000000001
9.0,13.5,14.9
9.0,14.0,14.0
9.0,14.0,14.05
9.0,14.0,14.850000000000001
9.0,14.5,14.05
9.0,14.5,14.850000000000001
9.0,15.0,14.05
9.0,15.0,14.100000000000001
9.0,15.0,14.8
9.0,15.0,14.850000000000001
9.0,15.5,14.05
9.0,15.5,14.100000000000001
9.0,15.5,14.8
9.0,15.5,14.850000000000001
9.0,16.0,14.100000000000001
9.0,16.0,14.8
9.0,16.5,14.100000000000001
9.0,16.5,14.15
9.0,16.5,14.75
9.0,16.5,14.8
9.0,17.0,14.15
9.0,17.0,14.75
9.0,17.5,14.15
9.0,17.5,14.200000000000001
9.0,17.5,14.700000000000001
9.0,17.5,14.75
9.0,18.0,14.200000000000001
9.0,18.0,14.25
9.0,18.0,14.65
9.0,18.0,14.700000000000001
9.0,18.5,14.200000000000001
9.0,18.5,14.25
9.0,18.5,14.65
9.0,18.5,14.700000000000001
9.0,19.0,14.25
9.0,19.0,14.3
9.0,19.0,14.600000000000001
9.0,19.0,14.65
9.0,19.5,14.3
9.0,19.5,14.350000000000001
9.0,19.5,14.4
9.0,19.5,14.5
9.0,19.5,14.55
9.0,19.5,14.600000000000001
9.0,20.0,14.4
9.0,20.0,14.450000000000001
9.0,20.0,14.5
9.5,6.5,14.4
9.5,6.5,14.450000000000001
9.5,6.5,14.5
9.5,6.5,14.55
9.5,7.0,14.25
9.5,7.0,14.3
9.5,7.0,14.350000000000001
9.5,7.0,14.4
9.5,7.0,14.450000000000001
9.5,7.0,14.5
9.5,7.0,14.55
9.5,7.0,14.600000000000001
9.5,7.0,14.65
9.5,7.0,14.700000000000001
9.5,7.5,14.15
9.5,7.5,14.200000000000001
9.5,7.5,14.25
9.5,7.5,14.3
9.5,7.5,14.350000000000001
9.5,7.5,14.600000000000001
9.5,7.5,14.65
9.5,7.5,14.700000000000001
9.5,7.5,14.75
9.5,8.0,14.100000000000001
9.5,8.0,14.15
9.5,8.0,14.200000000000001
9.5,8.0,14.25
9.5,8.0,14.700000000000001
9.5,8.0,14.75
9.5,8.0,14.8
9.5,8.5,14.100000000000001
9.5,8.5,14.15
9.5,8.5,14.8
9.5,8.5,14.850000000000001
9.5,9.0,14.05
9.5,9.0,14.100000000000001
9.5,9.0,14.8
9.5,9.0,14.850000000000001
9.5,9.5,14.05
9.5,9.5,14.100000000000001
9.5,9.5,14.850000000000001
9.5,9.5,14.9
9.5,10.0,14.0
9.5,10.0,14.05
9.5,10.0,14.850000000000001
9.5,10.0,14.9
9.5,10.5,14.0
9.5,10.5,14.05
9.5,10.5,14.9
9.5,11.0,14.0
9.5,11.0,14.05
9.5,11.0,14.9
9.5,11.5,14.0
9.5,11.5,14.05
9.5,11.5,14.9
9.5,12.0,14.0
9.5,12.0,14.05
9.5,12.0,14.9
9.5,12.5,14.0
9.5,12.5,14.05
9.5,12.5,14.9
9.5,13.0,14.0
9.5,13.0,14.05
9.5,13.0,14.9
9.5,13.5,14.05
9.5,13.5,14.850000000000001
9.5,13.5,14.9
9.5,14.0,14.05
9.5,14.0,14.850000000000001
9.5,14.0,14.9
9.5,14.5,14.05
9.5,14.5,14.100000000000001
9.5,14.5,14.850000000000001
9.5,15.0,14.05
9.5,15.0,14.100000000000001
9.5,15.0,14.850000000000001
9.5,15.5,14.100000000000001
9.5,15.5,14.8
9.5,15.5,14.850000000000001
9.5,16.0,14.100000000000001
9.5,16.0,14.15
9.5,16.0,14.8
9.5,16.5,14.100000000000001
9.5,16.5,14.15
9.5,16.5,14.75
9.5,16.5,14.8
9.5,17.0,14.15
9.5,17.0,14.200000000000001
9.5,17.0,14.75
9.5,17.0,14.8
9.5,17.5,14.15
9.5,17.5,14.200000000000001
9.5,17.5,14.700000000000001
9.5,17.5,14.75
9.5,18.0,14.200000000000001
9.5,18.0,14.25
9.5,18.0,14.700000000000001
9.5,18.5,14.25
9.5,18.5,14.3
9.5,18.5,14.65
9.5,18.5,14.700000000000001
9.5,19.0,14.25
9.5,19.0,14.3
9.5,19.0,14.350000000000001
9.5,19.0,14.600000000000001
9.5,19.0,14.65
9.5,19.5,14.3
9.5,19.5,14.350000000000001
9.5,19.5,14.4
9.5,19.5,14.5
9.5,19.5,14.55
9.5,19.5,14.600000000000001
9.5,20.0,14.4
9.5,20.0,14.450000000000001
9.5,20.0,14.5
10.0,7.0,14.350000000000001
10.0,7.0,14.4
10.0,7.0,14.450000000000001
10.0,7.0,14.5
10.0,7.0,14.55
10.0,7.0,14.600000000000001
10.0,7.5,14.25
10.0,7.5,14.3
10.0,7.5,14.350000000000001
10.0,7.5,14.4
10.0,7.5,14.450000000000001
10.0,7.5,14.5
10.0,7.5,14.55
10.0,7.5,14.600000000000001
10.0,7.5,14.65
10.0,7.5,14.700000000000001
10.0,8.0,14.15
10.0,8.0,14.200000000000001
10.0,8.0,14.25
10.0,8.0,14.3
10.0,8.0,14.65
10.0,8.0,14.700000000000001
10.0,8.0,14.75
10.0,8.0,14.8
10.0,8.5,14.100000000000001
10.0,8.5,14.15
10.0,8.5,14.200000000000001
10.0,8.5,14.75
10.0,8.5,14.8
10.0,9.0,14.100000000000001
10.0,9.0,14.15
10.0,9.0,14.8
10.0,9.0,14.850000000000001
10.0,9.5,14.05
10.0,9.5,14.100000000000001
10.0,9.5,14.15
10.0,9.5,14.850000000000001
10.0,10.0,14.05
10.0,10.0,14.100000000000001
10.0,10.0,14.850000000000001
10.0,10.0,14.9
10.0,10.5,14.05
10.0,10.5,14.100000000000001
10.0,10.5,14.9
10.0,11.0,14.05
10.0,11.0,14.9
10.0,11.5,14.05
10.0,11.5,14.9
10.0,12.0,14.05
10.0,12.0,14.9
10.0,12.5,14.05
10.0,12.5,14.9
10.0,13.0,14.05
10.0,13.0,14.9
10.0,13.5,14.05
10.0,13.5,14.100000000000001
10.0,13.5,14.9
10.0,14.0,14.05
10.0,14.0,14.100000000000001
10.0,14.0,14.850000000000001
10.0,14.0,14.9
10.0,14.5,14.05
10.0,14.5,14.100000000000001
10.0,14.5,14.850000000000001
10.0,15.0,14.100000000000001
10.0,15.0,14.850000000000001
10.0,15.5,14.100000000000001
10.0,15.5,14.15
10.0,15.5,14.8
10.0,15.5,14.850000000000001
10.0,16.0,14.100000000000001
10.0,16.0,14.15
10.0,16.0,14.8
10.0,16.0,14.850000000000001
10.0,16.5,14.15
10.0,16.5,14.8
10.0,17.0,14.15
10.0,17.0,14.200000000000001
10.0,17.0,14.75
10.0,17.0,14.8
10.0,17.5,14.200000000000001
10.0,17.5,14.700000000000001
10.0,17.5,14.75
10.0,18.0,14.200000000000001
10.0,18.0,14.25
10.0,18.0,14.700000000000001
10.0,18.0,14.75
10.0,18.5,14.25
10.0,18.5,14.3
10.0,18.5,14.65
10.0,18.5,14.700000000000001
10.0,19.0,14.3
10.0,19.0,14.350000000000001
10.0,19.0,14.600000000000001
10.0,19.0,14.65
10.0,19.5,14.350000000000001
10.0,19.5,14.4
10.0,19.5,14.5
10.0,19.5,14.55
10.0,19.5,14.600000000000001
10.0,20.0,14.4
10.0,20.0,14.450000000000001
10.0,20.0,14.5
10.0,20.0,14.55
10.5,7.5,14.3
10.5,7.5,14.350000000000001
10.5,7.5,14.4
10.5,7.5,14.450000000000001
10.5,7.5,14.5
10.5,7.5,14.55
10.5,7.5,14.600000000000001
10.5,7.5,14.65
10.5,8.0,14.200000000000001
10.5,8.0,14.25
10.5,8.0,14.3
10.5,8.0,14.350000000000001
10.5,8.0,14.4
10.5,8.0,14.450000000000001
10.5,8.0,14.55
10.5,8.0,14.600000000000001
10.5,8.0,14.65
10.5,8.0,14.700000000000001
10.5,8.0,14.75
10.5,8.5,14.15
10.5,8.5,14.200000000000001
10.5,8.5,14.25
10.5,8.5,14.3
10.5,8.5,14.700000000000001
10.5,8.5,14.75
10.5,8.5,14.8
10.5,9.0,14.15
10.5,9.0,14.200000000000001
10.5,9.0,14.75
10.5,9.0,14.8
10.5,9.0,14.850000000000001
10.5,9.5,14.100000000000001
10.5,9.5,14.15
10.5,9.5,14.8
10.5,9.5,14.850000000000001
10.5,10.0,14.100000000000001
10.5,10.0,14.15
10.5,10.0,14.850000000000001
10.5,10.0,14.9
10.5,10.5,14.05
10.5,10.5,14.100000000000001
10.5,10.5,14.850000000000001
10.5,10.5,14.9
10.5,11.0,14.05
10.5,11.0,14.100000000000001
10.5,11.0,14.9
10.5,11.5,14.05
10.5,11.5,14.100000000000001
10.5,11.5,14.9
10.5,12.0,14.05
10.5,12.0,14.100000000000001
10.5,12.0,14.9
10.5,12.5,14.05
10.5,12.5,14.100000000000001
10.5,12.5,14.9
10.5,13.0,14.05
10.5,13.0,14.100000000000001
10.5,13.0,14.9
10.5,13.5,14.05
10.5,13.5,14.100000000000001
10.5,13.5,14.9
10.5,14.0,14.100000000000001
10.5,14.0,14.850000000000001
10.5,14.0,14.9
10.5,14.5,14.100000000000001
10.5,14.5,14.850000000000001
10.5,14.5,14.9
10.5,15.0,14.100000000000001
10.5,15.0,14.15
10.5,15.0,14.850000000000001
10.5,15.5,14.100000000000001
10.5,15.5,14.15
10.5,15.5,14.850000000000001
10.5,16.0,14.15
10.5,16.0,14.8
10.5,16.0,14.850000000000001
10.5,16.5,14.15
10.5,16.5,14.200000000000001
10.5,16.5,14.8
10.5,17.0,14.15
10.5,17.0,14.200000000000001
10.5,17.0,14.75
10.5,17.0,14.8
10.5,17.5,14.200000000000001
10.5,17.5,14.25
10.5,17.5,14.75
10.5,18.0,14.200000000000001
10.5,18.0,14.25
10.5,18.0,14.700000000000001
10.5,18.0,14.75
10.5,18.5,14.25
10.5,18.5,14.3
10.5,18.5,14.65
10.5,18.5,14.700000000000001
10.5,19.0,14.3
10.5,19.0,14.350000000000001
10.5,19.0,14.600000000000001
10.5,19.0,14.65
10.5,19.5,14.350000000000001
10.5,19.5,14.4
10.5,19.5,14.450000000000001
10.5,19.5,14.55
10.5,19.5,14.600000000000001
10.5,20.0,14.4
10.5,20.0,14.450000000000001
10.5,20.0,14.5
10.5,20.0,14.55
11.0,7.5,14.450000000000001
11.0,7.5,14.5
11.0,7.5,14.55
11.0,8.0,14.3
11.0,8.0,14.350000000000001
11.0,8.0,14.4
11.0,8.0,14.450000000000001
11.0,8.0,14.5
11.0,8.0,14.55
11.0,8.0,14.600000000000001
11.0,8.0,14.65
11.0,8.0,14.700000000000001
11.0,8.5,14.200000000000001
11.0,8.5,14.25
11.0,8.5,14.3
11.0,8.5,14.350000000000001
11.0,8.5,14.4
11.0,8.5,14.600000000000001
11.0,8.5,14.65
11.0,8.5,14.700000000000001
11.0,8.5,14.75
11.0,9.0,14.15
11.0,9.0,14.200000000000001
11.0,9.0,14.25
11.0,9.0,14.3
11.0,9.0,14.700000000000001
11.0,9.0,14.75
11.0,9.0,14.8
11.0,9.5,14.15
11.0,9.5,14.200000000000001
11.0,9.5,14.8
11.0,9.5,14.850000000000001
11.0,10.0,14.100000000000001
11.0,10.0,14.15
11.0,10.0,14.200000000000001
11.0,10.0,14.8
11.0,10.0,14.850000000000001
11.0,10.5,14.100000000000001
11.0,10.5,14.15
11.0,10.5,14.850000000000001
11.0,10.5,14.9
11.0,11.0,14.100000000000001
11.0,11.0,14.15
11.0,11.0,14.850000000000001
11.0,11.0,14.9
11.0,11.5,14.100000000000001
11.0,11.5,14.9
11.0,12.0,14.100000000000001
11.0,12.0,14.9
11.0,12.5,14.100000000000001
11.0,12.5,14.9
11.0,13.0,14.100000000000001
11.0,13.0,14.9
11.0,13.5,14.100000000000001
11.0,13.5,14.9
11.0,14.0,14.100000000000001
11.0,14.0,14.9
11.0,14.5,14.100000000000001
11.0,14.5,14.15
11.0,14.5,14.850000000000001
11.0,14.5,14.9
11.0,15.0,14.100000000000001
11.0,15.0,14.15
11.0,15.0,14.850000000000001
11.0,15.5,14.15
11.0,15.5,14.850000000000001
11.0,16.0,14.15
11.0,16.0,14.200000000000001
11.0,16.0,14.8
11.0,16.0,14.850000000000001
11.0,16.5,14.15
11.0,16.5,14.200000000000001
11.0,16.5,14.8
11.0,17.0,14.200000000000001
11.0,17.0,14.75
11.0,17.0,14.8
11.0,17.5,14.200000000000001
11.0,17.5,14.25
11.0,17.5,14.75
11.0,18.0,14.25
11.0,18.0,14.3
11.0,18.0,14.700000000000001
11.0,18.0,14.75
11.0,18.5,14.25
11.0,18.5,14.3
11.0,18.5,14.65
11.0,18.5,14.700000000000001
11.0,19.0,14.3
11.0,19.0,14.350000000000001
11.0,19.0,14.600000000000001
11.0,19.0,14.65
11.0,19.5,14.350000000000001
11.0,19.5,14.4
11.0,19.5,14.450000000000001
11.0,19.5,14.55
11.0,19.5,14.600000000000001
11.0,19.5,14.65
11.0,20.0,14.450000000000001
11.0,20.0,14.5
11.0,20.0,14.55
11.5,8.0,14.4
11.5,8.0,14.450000000000001
11.5,8.0,14.5
11.5,8.0,14.55
11.5,8.0,14.600000000000001
11.5,8.5,14.3
11.5,8.5,14.350000000000001
11.5,8.5,14.4
11.5,8.5,14.450000000000001
11.5,8.5,14.5
11.5,8.5,14.55
11.5,8.5,14.600000000000001
11.5,8.5,14.65
11.5,8.5,14.700000000000001
11.5,9.0,14.200000000000001
11.5,9.0,14.25
11.5,9.0,14.3
11.5,9.0,14.350000000000001
11.5,9.0,14.65
11.5,9.0,14.700000000000001
11.5,9.0,14.75
11.5,9.0,14.8
11.5,9.5,14.200000000000001
11.5,9.5,14.25
11.5,9.5,14.3
11.5,9.5,14.75
11.5,9.5,14.8
11.5,10.0,14.15
11.5,10.0,14.200000000000001
11.5,10.0,14.25
11.5,10.0,14.8
11.5,10.0,14.850000000000001
11.5,10.5,14.15
11.5,10.5,14.200000000000001
11.5,10.5,14.850000000000001
11.5,11.0,14.100000000000001
11.5,11.0,14.15
11.5,11.0,14.850000000000001
11.5,11.0,14.9
11.5,11.5,14.100000000000001
11.5,11.5,14.15
11.5,11.5,14.850000000000001
11.5,11.5,14.9
11.5,12.0,14.100000000000001
11.5,12.0,14.15
11.5,12.0,14.9
11.5,12.5,14.100000000000001
11.5,12.5,14.15
11.5,12.5,14.9
11.5,13.0,14.100000000000001
11.5,13.0,14.15
11.5,13.0,14.9
11.5,13.5,14.100000000000001
11.5,13.5,14.15
11.5,13.5,14.9
11.5,14.0,14.100000000000001
11.5,14.0,14.15
11.5,14.0,14.9
11.5,14.5,14.100000000000001
11.5,14.5,14.15
11.5,14.5,14.850000000000001
11.5,14.5,14.9
11.5,15.0,14.15
11.5,15.0,14.850000000000001
11.5,15.5,14.15
11.5,15.5,14.200000000000001
11.5,15.5,14.850000000000001
11.5,16.0,14.15
11.5,16.0,14.200000000000001
11.5,16.0,14.8
11.5,16.0,14.850000000000001
11.5,16.5,14.200000000000001
11.5,16.5,14.8
11.5,17.0,14.200000000000001
11.5,17.0,14.25
11.5,17.0,14.75
11.5,17.0,14.8
11.5,17.5,14.200000000000001
11.5,17.5,14.25
11.5,17.5,14.75
11.5,17.5,14.8
11.5,18.0,14.25
11.5,18.0,14.3
11.5,18.0,14.700000000000001
11.5,18.0,14.75
11.5,18.5,14.3
11.5,18.5,14.350000000000001
11.5,18.5,14.65
11.5,18.5,14.700000000000001
11.5,19.0,14.3
11.5,19.0,14.350000000000001
11.5,19.0,14.4
11.5,19.0,14.65
11.5,19.0,14.700000000000001
11.5,19.5,14.350000000000001
11.5,19.5,14.4
11.5,19.5,14.450000000000001
11.5,19.5,14.55
11.5,19.5,14.600000000000001
11.5,19.5,14.65
11.5,20.0,14.450000000000001
11.5,20.0,14.5
11.5,20.0,14.55
12.0,8.5,14.350000000000001
12.0,8.5,14.4
12.0,8.5,14.450000000000001
12.0,8.5,14.5
12.0,8.5,14.55
12.0,8.5,14.600000000000001
12.0,8.5,14.65
12.0,9.0,14.3
12.0,9.0,14.350000000000001
12.0,9.0,14.4
12.0,9.0,14.450000000000001
12.0,9.0,14.5
12.0,9.0,14.55
12.0,9.0,14.600000000000001
12.0,9.0,14.65
12.0,9.0,14.700000000000001
12.0,9.0,14.75
12.0,9.5,14.25
12.0,9.5,14.3
12.0,9.5,14.350000000000001
12.0,9.5,14.700000000000001
12.0,9.5,14.75
12.0,9.5,14.8
12.0,10.0,14.200000000000001
12.0,10.0,14.25
12.0,10.0,14.3
12.0,10.0,14.75
12.0,10.0,14.8
12.0,10.0,14.850000000000001
12.0,10.5,14.15
12.0,10.5,14.200000000000001
12.0,10.5,14.25
12.0,10.5,14.8
12.0,10.5,14.850000000000001
12.0,11.0,14.15
12.0,11.0,14.200000000000001
12.0,11.0,14.850000000000001
12.0,11.5,14.15
12.0,11.5,14.200000000000001
12.0,11.5,14.850000000000001
12.0,11.5,14.9
12.0,12.0,14.15
12.0,12.0,14.850000000000001
12.0,12.0,14.9
12.0,12.5,14.15
12.0,12.5,14.9
12.0,13.0,14.15
12.0,13.0,14.9
12.0,13.5,14.15
12.0,13.5,14.9
12.0,14.0,14.15
12.0,14.0,14.850000000000001
12.0,14.0,14.9
12.0,14.5,14.15
12.0,14.5,14.850000000000001
12.0,14.5,14.9
12.0,15.0,14.15
12.0,15.0,14.200000000000001
12.0,15.0,14.850000000000001
12.0,15.5,14.15
12.0,15.5,14.200000000000001
12.0,15.5,14.850000000000001
12.0,16.0,14.200000000000001
12.0,16.0,14.8
12.0,16.0,14.850000000000001
12.0,16.5,14.200000000000001
12.0,16.5,14.25
12.0,16.5,14.8
12.0,17.0,14.200000000000001
12.0,17.0,14.25
12.0,17.0,14.8
12.0,17.5,14.25
12.0,17.5,14.3
12.0,17.5,14.75
12.0,17.5,14.8
12.0,18.0,14.25
12.0,18.0,14.3
12.0,18.0,14.700000000000001
12.0,18.0,14.75
12.0,18.5,14.3
12.0,18.5,14.350000000000001
12.0,18.5,14.700000000000001
12.0,19.0,14.350000000000001
12.0,19.0,14.4
12.0,19.0,14.65
12.0,19.0,14.700000000000001
12.0,19.5,14.4
12.0,19.5,14.450000000000001
12.0,19.5,14.5
12.0,19.5,14.55
12.0,19.5,14.600000000000001
12.0,19.5,14.65
12.0,20.0,14.450000000000001
12.0,20.0,14.5
12.0,20.0,14.55
12.5,9.0,14.350000000000001
12.5,9.0,14.4
12.5,9.0,14.450000000000001
12.5,9.0,14.5
12.5,9.0,14.55
12.5,9.0,14.600000000000001
12.5,9.0,14.65
12.5,9.0,14.700000000000001
12.5,9.5,14.3
12.5,9.5,14.350000000000001
12.5,9.5,14.4
12.5,9.5,14.450000000000001
12.5,9.5,14.600000000000001
12.5,9.5,14.65
12.5,9.5,14.700000000000001
12.5,9.5,14.75
12.5,10.0,14.25
12.5,10.0,14.3
12.5,10.0,14.350000000000001
12.5,10.0,14.700000000000001
12.5,10.0,14.75
12.5,10.0,14.8
12.5,10.5,14.200000000000001
12.5,10.5,14.25
12.5,10.5,14.3
12.5,10.5,14.75
12.5,10.5,14.8
12.5,10.5,14.850000000000001
12.5,11.0,14.200000000000001
12.5,11.0,14.25
12.5,11.0,14.8
12.5,11.0,14.850000000000001
12.5,11.5,14.15
12.5,11.5,14.200000000000001
12.5,11.5,14.850000000000001
12.5,12.0,14.15
12.5,12.0,14.200000000000001
12.5,12.0,14.850000000000001
12.5,12.0,14.9
12.5,12.5,14.15
12.5,12.5,14.200000000000001
12.5,12.5,14.850000000000001
12.5,12.5,14.9
12.5,13.0,14.15
12.5,13.0,14.200000000000001
12.5,13.0,14.850000000000001
12.5,13.0,14.9
12.5,13.5,14.15
12.5,13.5,14.200000000000001
12.5,13.5,14.9
12.5,14.0,14.15
12.5,14.0,14.200000000000001
12.5,14.0,14.850000000000001
12.5,14.0,14.9
12.5,14.5,14.15
12.5,14.5,14.200000000000001
12.5,14.5,14.850000000000001
12.5,15.0,14.15
12.5,15.0,14.200000000000001
12.5,15.0,14.850000000000001
12.5,15.5,14.200000000000001
12.5,15.5,14.850000000000001
12.5,16.0,14.200000000000001
12.5,16.0,14.25
12.5,16.0,14.8
12.5,16.0,14.850000000000001
12.5,16.5,14.200000000000001
12.5,16.5,14.25
12.5,16.5,14.8
12.5,17.0,14.25
12.5,17.0,14.8
12.5,17.5,14.25
12.5,17.5,14.3
12.5,17.5,14.75
12.5,17.5,14.8
12.5,18.0,14.3
12.5,18.0,14.700000000000001
12.5,18.0,14.75
12.5,18.5,14.3
12.5,18.5,14.350000000000001
12.5,18.5,14.700000000000001
12.5,18.5,14.75
12.5,19.0,14.350000000000001
12.5,19.0,14.4
12.5,19.0,14.65
12.5,19.0,14.700000000000001
12.5,19.5,14.4
12.5,19.5,14.450000000000001
12.5,19.5,14.5
12.5,19.5,14.55
12.5,19.5,14.600000000000001
12.5,19.5,14.65
12.5,20.0,14.5
12.5,20.0,14.55
13.0,9.0,14.450000000000001
13.0,9.0,14.5
13.0,9.0,14.55
13.0,9.0,14.600000000000001
13.0,9.5,14.350000000000001
13.0,9.5,14.4
13.0,9.5,14.450000000000001
13.0,9.5,14.5
13.0,9.5,14.55
13.0,9.5,14.600000000000001
13.0,9.5,14.65
13.0,9.5,14.700000000000001
13.0,10.0,14.3
13.0,10.0,14.350000000000001
13.0,10.0,14.4
13.0,10.0,14.450000000000001
13.0,10.0,14.65
13.0,10.0,14.700000000000001
13.0,10.0,14.75
13.0,10.5,14.25
13.0,10.5,14.3
13.0,10.5,14.350000000000001
13.0,10.5,14.75
13.0,10.5,14.8
13.0,11.0,14.200000000000001
13.0,11.0,14.25
13.0,11.0,14.3
13.0,11.0,14.8
13.0,11.0,14.850000000000001
13.0,11.5,14.200000000000001
13.0,11.5,14.25
13.0,11.5,14.8
13.0,11.5,14.850000000000001
13.0,12.0,14.200000000000001
13.0,12.0,14.25
13.0,12.0,14.850000000000001
13.0,12.5,14.200000000000001
13.0,12.5,14.850000000000001
13.0,13.0,14.200000000000001
13.0,13.0,14.850000000000001
13.0,13.0,14.9
13.0,13.5,14.15
13.0,13.5,14.200000000000001
13.0,13.5,14.850000000000001
13.0,13.5,14.9
13.0,14.0,14.200000000000001
13.0,14.0,14.850000000000001
13.0,14.0,14.9
13.0,14.5,14.200000000000001
13.0,14.5,14.850000000000001
13.0,15.0,14.200000000000001
13.0,15.0,14.850000000000001
13.0,15.5,14.200000000000001
13.0,15.5,14.25
13.0,15.5,14.850000000000001
13.0,16.0,14.200000000000001
13.0,16.0,14.25
13.0,16.0,14.8
13.0,16.0,14.850000000000001
13.0,16.5,14.25
13.0,16.5,14.8
13.0,17.0,14.25
13.0,17.0,14.3
13.0,17.0,14.8
13.0,17.5,14.25
13.0,17.5,14.3
13.0,17.5,14.75
13.0,17.5,14.8
13.0,18.0,14.3
13.0,18.0,14.350000000000001
13.0,18.0,14.75
13.0,18.5,14.3
13.0,18.5,14.350000000000001
13.0,18.5,14.4
13.0,18.5,14.700000000000001
13.0,18.5,14.75
13.0,19.0,14.350000000000001
13.0,19.0,14.4
13.0,19.0,14.450000000000001
13.0,19.0,14.65
13.0,19.0,14.700000000000001
13.0,19.5,14.4
13.0,19.5,14.450000000000001
13.0,19.5,14.5
13.0,19.5,14.55
13.0,19.5,14.600000000000001
13.0,19.5,14.65
13.0,20.0,14.5
13.0,20.0,14.55
13.5,9.5,14.450000000000001
13.5,9.5,14.5
13.5,9.5,14.55
13.5,9.5,14.600000000000001
13.5,9.5,14.65
13.5,10.0,14.350000000000001
13.5,10.0,14.4
13.5,10.0,14.450000000000001
13.5,10.0,14.5
13.5,10.0,14.55
13.5,10.0,14.600000000000001
13.5,10.0,14.65
13.5,10.0,14.700000000000001
13.5,10.0,14.75
13.5,10.5,14.3
13.5,10.5,14.350000000000001
13.5,10.5,14.4
13.5,10.5,14.65
13.5,10.5,14.700000000000001
13.5,10.5,14.75
13.5,10.5,14.8
13.5,11.0,14.25
13.5,11.0,14.3
13.5,11.0,14.350000000000001
13.5,11.0,14.75
13.5,11.0,14.8
13.5,11.5,14.25
13.5,11.5,14.3
13.5,11.5,14.8
13.5,11.5,14.850000000000001
13.5,12.0,14.200000000000001
13.5,12.0,14.25
13.5,12.0,14.8
13.5,12.0,14.850000000000001
13.5,12.5,14.200000000000001
13.5,12.5,14.25
13.5,12.5,14.850000000000001
13.5,13.0,14.200000000000001
13.5,13.0,14.25
13.5,13.0,14.850000000000001
13.5,13.5,14.200000000000001
13.5,13.5,14.25
13.5,13.5,14.850000000000001
13.5,14.0,14.200000000000001
13.5,14.0,14.25
13.5,14.0,14.850000000000001
13.5,14.5,14.200000000000001
13.5,14.5,14.25
13.5,14.5,14.850000000000001
13.5,15.0,14.200000000000001
13.5,15.0,14.25
13.5,15.0,14.850000000000001
13.5,15.5,14.200000000000001
13.5,15.5,14.25
13.5,15.5,14.850000000000001
13.5,16.0,14.25
13.5,16.0,14.8
13.5,16.0,14.850000000000001
13.5,16.5,14.25
13.5,16.5,14.3
13.5,16.5,14.8
13.5,17.0,14.25
13.5,17.0,14.3
13.5,17.0,14.8
13.5,17.5,14.3
13.5,17.5,14.350000000000001
13.5,17.5,14.75
13.5,17.5,14.8
13.5,18.0,14.3
13.5,18.0,14.350000000000001
13.5,18.0,14.75
13.5,18.5,14.350000000000001
13.5,18.5,14.4
13.5,18.5,14.700000000000001
13.5,18.5,14.75
13.5,19.0,14.4
13.5,19.0,14.450000000000001
13.5,19.0,14.65
13.5,19.0,14.700000000000001
13.5,19.5,14.450000000000001
13.5,19.5,14.5
13.5,19.5,14.55
13.5,19.5,14.600000000000001
13.5,19.5,14.65
13.5,20.0,14.55
14.0,10.0,14.4
14.0,10.0,14.450000000000001
14.0,10.0,14.5
14.0,10.0,14.55
14.0,10.0,14.600000000000001
14.0,10.0,14.65
14.0,10.5,14.350000000000001
14.0,10.5,14.4
14.0,10.5,14.450000000000001
14.0,10.5,14.5
14.0,10.5,14.55
14.0,10.5,14.600000000000001
14.0,10.5,14.65
14.0,10.5,14.700000000000001
14.0,10.5,14.75
14.0,11.0,14.3
14.0,11.0,14.350000000000001
14.0,11.0,14.4
14.0,11.0,14.700000000000001
14.0,11.0,14.75
14.0,11.0,14.8
14.0,11.5,14.25
14.0,11.5,14.3
14.0,11.5,14.350000000000001
14.0,11.5,14.75
14.0,11.5,14.8
14.0,12.0,14.25
14.0,12.0,14.3
14.0,12.0,14.8
14.0,12.0,14.850000000000001
14.0,12.5,14.25
14.0,12.5,14.3
14.0,12.5,14.8
14.0,12.5,14.850000000000001
14.0,13.0,14.25
14.0,13.0,14.850000000000001
14.0,13.5,14.25
14.0,13.5,14.850000000000001
14.0,14.0,14.25
14.0,14.0,14.850000000000001
14.0,14.5,14.25
14.0,14.5,14.850000000000001
14.0,15.0,14.25
14.0,15.0,14.850000000000001
14.0,15.5,14.25
14.0,15.5,14.850000000000001
14.0,16.0,14.25
14.0,16.0,14.3
14.0,16.0,14.8
14.0,16.0,14.850000000000001
14.0,16.5,14.25
14.0,16.5,14.3
14.0,16.5,14.8
14.0,17.0,14.3
14.0,17.0,14.8
14.0,17.5,14.3
14.0,17.5,14.350000000000001
14.0,17.5,14.75
14.0,17.5,14.8
14.0,18.0,14.350000000000001
14.0,18.0,14.4
14.0,18.0,14.700000000000001
14.0,18.0,14.75
14.0,18.5,14.350000000000001
14.0,18.5,14.4
14.0,18.5,14.700000000000001
14.0,18.5,14.75
14.0,19.0,14.4
14.0,19.0,14.450000000000001
14.0,19.0,14.65
14.0,19.0,14.700000000000001
14.0,19.5,14.450000000000001
14.0,19.5,14.5
14.0,19.5,14.55
14.0,19.5,14.600000000000001
14.0,19.5,14.65
14.5,10.5,14.4
14.5,10.5,14.450000000000001
14.5,10.5,14.5
14.5,10.5,14.55
14.5,10.5,14.600000000000001
14.5,10.5,14.65
14.5,10.5,14.700000000000001
14.5,11.0,14.350000000000001
14.5,11.0,14.4
14.5,11.0,14.450000000000001
14.5,11.0,14.5
14.5,11.0,14.55
14.5,11.0,14.600000000000001
14.5,11.0,14.65
14.5,11.0,14.700000000000001
14.5,11.0,14.75
14.5,11.5,14.3
14.5,11.5,14.350000000000001
14.5,11.5,14.4
14.5,11.5,14.700000000000001
14.5,11.5,14.75
14.5,11.5,14.8
14.5,12.0,14.3
14.5,12.0,14.350000000000001
14.5,12.0,14.75
14.5,12.0,14.8
14.5,12.5,14.25
14.5,12.5,14.3
14.5,12.5,14.350000000000001
14.5,12.5,14.8
14.5,12.5,14.850000000000001
14.5,13.0,14.25
14.5,13.0,14.3
14.5,13.0,14.8
14.5,13.0,14.850000000000001
14.5,13.5,14.25
14.5,13.5,14.3
14.5,13.5,14.8
14.5,13.5,14.850000000000001
14.5,14.0,14.25
14.5,14.0,14.3
14.5,14.0,14.850000000000001
14.5,14.5,14.25
14.5,14.5,14.3
14.5,14.5,14.850000000000001
14.5,15.0,14.25
14.5,15.0,14.3
14.5,15.0,14.850000000000001
14.5,15.5,14.25
14.5,15.5,14.3
14.5,15.5,14.8
14.5,15.5,14.850000000000001
14.5,16.0,14.25
14.5,16.0,14.3
14.5,16.0,14.8
14.5,16.0,14.850000000000001
14.5,16.5,14.3
14.5,16.5,14.8
14.5,17.0,14.3
14.5,17.0,14.350000000000001
14.5,17.0,14.75
14.5,17.0,14.8
14.5,17.5,14.3
14.5,17.5,14.350000000000001
14.5,17.5,14.75
14.5,17.5,14.8
14.5,18.0,14.350000000000001
14.5,18.0,14.4
14.5,18.0,14.700000000000001
14.5,18.0,14.75
14.5,18.5,14.4
14.5,18.5,14.450000000000001
14.5,18.5,14.700000000000001
14.5,19.0,14.4
14.5,19.0,14.450000000000001
14.5,19.0,14.5
14.5,19.0,14.600000000000001
14.5,19.0,14.65
14.5,19.0,14.700000000000001
14.5,19.5,14.450000000000001
14.5,19.5,14.5
14.5,19.5,14.55
14.5,19.5,14.600000000000001
14.5,19.5,14.65
15.0,10.5,14.55
15.0,11.0,14.4
15.0,11.0,14.450000000000001
15.0,11.0,14.5
15.0,11.0,14.55
15.0,11.0,14.600000000000001
15.0,11.0,14.65
15.0,11.0,14.700000000000001
15.0,11.5,14.350000000000001
15.0,11.5,14.4
15.0,11.5,14.450000000000001
15.0,11.5,14.5
15.0,11.5,14.55
15.0,11.5,14.600000000000001
15.0,11.5,14.65
15.0,11.5,14.700000000000001
15.0,11.5,14.75
15.0,12.0,14.350000000000001
15.0,12.0,14.4
15.0,12.0,14.450000000000001
15.0,12.0,14.700000000000001
15.0,12.0,14.75
15.0,12.0,14.8
15.0,12.5,14.3
15.0,12.5,14.350000000000001
15.0,12.5,14.4
15.0,12.5,14.75
15.0,12.5,14.8
15.0,13.0,14.3
15.0,13.0,14.350000000000001
15.0,13.0,14.75
15.0,13.0,14.8
15.0,13.5,14.3
15.0,13.5,14.350000000000001
15.0,13.5,14.8
15.0,13.5,14.850000000000001
15.0,14.0,14.3
15.0,14.0,14.8
15.0,14.0,14.850000000000001
15.0,14.5,14.3
15.0,14.5,14.8
15.0,14.5,14.850000000000001
15.0,15.0,14.3
15.0,15.0,14.8
15.0,15.0,14.850000000000001
15.0,15.5,14.3
15.0,15.5,14.8
15.0,15.5,14.850000000000001
15.0,16.0,14.3
15.0,16.0,14.350000000000001
15.0,16.0,14.8
15.0,16.5,14.3
15.0,16.5,14.350000000000001
15.0,16.5,14.8
15.0,17.0,14.3
15.0,17.0,14.350000000000001
15.0,17.0,14.75
15.0,17.0,14.8
15.0,17.5,14.350000000000001
15.0,17.5,14.4
15.0,17.5,14.75
15.0,18.0,14.350000000000001
15.0,18.0,14.4
15.0,18.0,14.700000000000001
15.0,18.0,14.75
15.0,18.5,14.4
15.0,18.5,14.450000000000001
15.0,18.5,14.65
15.0,18.5,14.700000000000001
15.0,19.0,14.450000000000001
15.0,19.0,14.5
15.0,19.0,14.55
15.0,19.0,14.600000000000001
15.0,19.0,14.65
15.0,19.0,14.700000000000001
15.0,19.5,14.5
15.0,19.5,14.55
15.0,19.5,14.600000000000001
15.5,11.0,14.55
15.5,11.0,14.600000000000001
15.5,11.5,14.450000000000001
15.5,11.5,14.5
15.5,11.5,14.55
15.5,11.5,14.600000000000001
15.5,11.5,14.65
15.5,11.5,14.700000000000001
15.5,12.0,14.4
15.5,12.0,14.450000000000001
15.5,12.0,14.5
15.5,12.0,14.55
15.5,12.0,14.600000000000001
15.5,12.0,14.65
15.5,12.0,14.700000000000001
15.5,12.0,14.75
15.5,12.5,14.350000000000001
15.5,12.5,14.4
15.5,12.5,14.450000000000001
15.5,12.5,14.700000000000001
15.5,12.5,14.75
15.5,13.0,14.350000000000001
15.5,13.0,14.4
15.5,13.0,14.75
15.5,13.0,14.8
15.5,13.5,14.3
15.5,13.5,14.350000000000001
15.5,13.5,14.75
15.5,13.5,14.8
15.5,14.0,14.3
15.5,14.0,14.350000000000001
15.5,14.0,14.8
15.5,14.5,14.3
15.5,14.5,14.350000000000001
15.5,14.5,14.8
15.5,15.0,14.3
15.5,15.0,14.350000000000001
15.5,15.0,14.8
15.5,15.5,14.3
15.5,15.5,14.350000000000001
15.5,15.5,14.8
15.5,16.0,14.3
15.5,16.0,14.350000000000001
15.5,16.0,14.8
15.5,16.5,14.350000000000001
15.5,16.5,14.75
15.5,16.5,14.8
15.5,17.0,14.350000000000001
15.5,17.0,14.4
15.5,17.0,14.75
15.5,17.0,14.8
15.5,17.5,14.350000000000001
15.5,17.5,14.4
15.5,17.5,14.700000000000001
15.5,17.5,14.75
15.5,18.0,14.4
15.5,18.0,14.450000000000001
15.5,18.0,14.700000000000001
15.5,18.0,14.75
15.5,18.5,14.4
15.5,18.5,14.450000000000001
15.5,18.5,14.5
15.5,18.5,14.65
15.5,18.5,14.700000000000001
15.5,19.0,14.450000000000001
15.5,19.0,14.5
15.5,19.0,14.55
15.5,19.0,14.600000000000001
15.5,19.0,14.65
15.5,19.5,14.55
15.5,19.5,14.600000000000001
16.0,11.5,14.55
16.0,11.5,14.600000000000001
16.0,12.0,14.450000000000001
16.0,12.0,14.5
16.0,12.0,14.55
16.0,12.0,14.600000000000001
16.0,12.0,14.65
16.0,12.0,14.700000000000001
16.0,12.5,14.4
16.0,12.5,14.450000000000001
16.0,12.5,14.5
16.0,12.5,14.55
16.0,12.5,14.600000000000001
16.0,12.5,14.65
16.0,12.5,14.700000000000001
16.0,12.5,14.75
16.0,13.0,14.350000000000001
16.0,13.0,14.4
16.0,13.0,14.450000000000001
16.0,13.0,14.700000000000001
16.0,13.0,14.75
16.0,13.5,14.350000000000001
16.0,13.5,14.4
16.0,13.5,14.450000000000001
16.0,13.5,14.75
16.0,13.5,14.8
16.0,14.0,14.350000000000001
16.0,14.0,14.4
16.0,14.0,14.75
16.0,14.0,14.8
16.0,14.5,14.350000000000001
16.0,14.5,14.4
16.0,14.5,14.75
16.0,14.5,14.8
16.0,15.0,14.350000000000001
16.0,15.0,14.4
16.0,15.0,14.8
16.0,15.5,14.350000000000001
16.0,15.5,14.4
16.0,15.5,14.75
16.0,15.5,14.8
16.0,16.0,14.350000000000001
16.0,16.0,14.4
16.0,16.0,14.75
16.0,16.0,14.8
16.0,16.5,14.350000000000001
16.0,16.5,14.4
16.0,16.5,14.75
16.0,16.5,14.8
16.0,17.0,14.350000000000001
16.0,17.0,14.4
16.0,17.0,14.75
16.0,17.5,14.4
16.0,17.5,14.450000000000001
16.0,17.5,14.700000000000001
16.0,17.5,14.75
16.0,18.0,14.4
16.0,18.0,14.450000000000001
16.0,18.0,14.5
16.0,18.0,14.65
16.0,18.0,14.700000000000001
16.0,18.5,14.450000000000001
16.0,18.5,14.5
16.0,18.5,14.55
16.0,18.5,14.600000000000001
16.0,18.5,14.65
16.0,18.5,14.700000000000001
16.0,19.0,14.5
16.0,19.0,14.55
16.0,19.0,14.600000000000001
16.0,19.0,14.65
16.5,12.0,14.55
16.5,12.0,14.600000000000001
16.5,12.5,14.450000000000001
16.5,12.5,14.5
16.5,12.5,14.55
16.5,12.5,14.600000000000001
16.5,12.5,14.65
16.5,12.5,14.700000000000001
16.5,13.0,14.450000000000001
16.5,13.0,14.5
16.5,13.0,14.55
16.5,13.0,14.600000000000001
16.5,13.0,14.65
16.5,13.0,14.700000000000001
16.5,13.0,14.75
16.5,13.5,14.4
16.5,13.5,14.450000000000001
16.5,13.5,14.5
16.5,13.5,14.65
16.5,13.5,14.700000000000001
16.5,13.5,14.75
16.5,14.0,14.4
16.5,14.0,14.450000000000001
16.5,14.0,14.700000000000001
16.5,14.0,14.75
16.5,14.5,14.4
16.5,14.5,14.450000000000001
16.5,14.5,14.75
16.5,14.5,14.8
16.5,15.0,14.350000000000001
16.5,15.0,14.4
16.5,15.0,14.75
16.5,15.0,14.8
16.5,15.5,14.350000000000001
16.5,15.5,14.4
16.5,15.5,14.75
16.5,15.5,14.8
16.5,16.0,14.4
16.5,16.0,14.75
16.5,16.5,14.4
16.5,16.5,14.450000000000001
16.5,16.5,14.75
16.5,17.0,14.4
16.5,17.0,14.450000000000001
16.5,17.0,14.700000000000001
16.5,17.0,14.75
16.5,17.5,14.4
16.5,17.5,14.450000000000001
16.5,17.5,14.5
16.5,17.5,14.700000000000001
16.5,17.5,14.75
16.5,18.0,14.450000000000001
16.5,18.0,14.5
16.5,18.0,14.55
16.5,18.0,14.65
16.5,18.0,14.700000000000001
16.5,18.5,14.5
16.5,18.5,14.55
16.5,18.5,14.600000000000001
16.5,18.5,14.65
16.5,19.0,14.55
16.5,19.0,14.600000000000001
17.0,13.0,14.5
17.0,13.0,14.55
17.0,13.0,14.600000000000001
17.0,13.0,14.65
17.0,13.5,14.450000000000001
17.0,13.5,14.5
17.0,13.5,14.55
17.0,13.5,14.600000000000001
17.0,13.5,14.65
17.0,13.5,14.700000000000001
17.0,14.0,14.450000000000001
17.0,14.0,14.5
17.0,14.0,14.55
17.0,14.0,14.65
17.0,14.0,14.700000000000001
17.0,14.0,14.75
17.0,14.5,14.4
17.0,14.5,14.450000000000001
17.0,14.5,14.5
17.0,14.5,14.700000000000001
17.0,14.5,14.75
17.0,15.0,14.4
17.0,15.0,14.450000000000001
17.0,15.0,14.700000000000001
17.0,15.0,14.75
17.0,15.5,14.4
17.0,15.5,14.450000000000001
17.0,15.5,14.700000000000001
17.0,15.5,14.75
17.0,16.0,14.4
17.0,16.0,14.450000000000001
17.0,16.0,14.700000000000001
17.0,16.0,14.75
17.0,16.5,14.4
17.0,16.5,14.450000000000001
17.0,16.5,14.5
17.0,16.5,14.700000000000001
17.0,16.5,14.75
17.0,17.0,14.450000000000001
17.0,17.0,14.5
17.0,17.0,14.700000000000001
17.0,17.0,14.75
17.0,17.5,14.450000000000001
17.0,17.5,14.5
17.0,17.5,14.55
17.0,17.5,14.65
17.0,17.5,14.700000000000001
17.0,18.0,14.5
17.0,18.0,14.55
17.0,18.0,14.600000000000001
17.0,18.0,14.65
17.0,18.0,14.700000000000001
17.0,18.5,14.55
17.0,18.5,14.600000000000001
17.0,18.5,14.65
17.5,13.5,14.55
17.5,13.5,14.600000000000001
17.5,13.5,14.65
17.5,14.0,14.5
17.5,14.0,14.55
17.5,14.0,14.600000000000001
17.5,14.0,14.65
17.5,14.0,14.700000000000001
17.5,14.5,14.450000000000001
17.5,14.5,14.5
17.5,14.5,14.55
17.5,14.5,14.600000000000001
17.5,14.5,14.65
17.5,14.5,14.700000000000001
17.5,15.0,14.450000000000001
17.5,15.0,14.5
17.5,15.0,14.55
17.5,15.0,14.65
17.5,15.0,14.700000000000001
17.5,15.5,14.450000000000001
17.5,15.5,14.5
17.5,15.5,14.65
17.5,15.5,14.700000000000001
17.5,15.5,14.75
17.5,16.0,14.450000000000001
17.5,16.0,14.5
17.5,16.0,14.700000000000001
17.5,16.5,14.450000000000001
17.5,16.5,14.5
17.5,16.5,14.55
17.5,16.5,14.65
17.5,16.5,14.700000000000001
17.5,17.0,14.5
17.5,17.0,14.55
17.5,17.0,14.65
17.5,17.0,14.700000000000001
17.5,17.5,14.5
17.5,17.5,14.55
17.5,17.5,14.600000000000001
17.5,17.5,14.65
17.5,17.5,14.700000000000001
17.5,18.0,14.55
17.5,18.0,14.600000000000001
17.5,18.0,14.65
18.0,14.5,14.55
18.0,14.5,14.600000000000001
18.0,14.5,14.65
18.0,15.0,14.5
18.0,15.0,14.55
18.0,15.0,14.600000000000001
18.0,15.0,14.65
18.0,15.5,14.5
18.0,15.5,14.55
18.0,15.5,14.600000000000001
18.0,15.5,14.65
18.0,15.5,14.700000000000001
18.0,16.0,14.5
18.0,16.0,14.55
18.0,16.0,14.600000000000001
18.0,16.0,14.65
18.0,16.0,14.700000000000001
18.0,16.5,14.5
18.0,16.5,14.55
18.0,16.5,14.600000000000001
18.0,16.5,14.65
18.0,16.5,14.700000000000001
18.0,17.0,14.55
18.0,17.0,14.600000000000001
18.0,17.0,14.65
18.0,17.5,14.55
18.0,17.5,14.600000000000001
18.0,17.5,14.65
