1,3,13.45
1,3.5,13.45
1,4,13.45
1,4.5,13.45
1,5,13.45
1,5.5,13.45
1,6,13.45
1,6.5,13.45
1,7,13.45
1,7.5,13.45
1,2.5,13.5
1,3,13.5
1,3.5,13.5
1.5,3.5,13.5
1,4,13.5
1.5,4,13.5
1,4.5,13.5
1.5,4.5,13.5
1,5,13.5
1.5,5,13.5
1,5.5,13.5
1.5,5.5,13.5
1,6,13.5
1.5,6,13.5
1,6.5,13.5
1.5,6.5,13.5
1,7,13.5
1.5,7,13.5
1,7.5,13.5
1.5,7.5,13.5
1,8,13.5
1,8.5,13.5
1,9,13.5
1,9.5,13.5
1,2,13.55
1,2.5,13.55
1,3,13.55
1.5,3,13.55
1,3.5,13.55
1.5,3.5,13.55
1,4,13.55
1.5,4,13.55
1,4.5,13.55
1.5,4.5,13.55
2,4.5,13.55
1,5,13.55
2,5,13.55
1,5.5,13.55
2,5.5,13.55
1,6,13.55
2,6,13.55
1,6.5,13.55
2,6.5,13.55
1,7,13.55
2,7,13.55
1,7.5,13.55
2,7.5,13.55
1,8,13.55
1.5,8,13.55
2,8,13.55
1,8.5,13.55
1.5,8.5,13.55
1,9,13.55
1.5,9,13.55
1,9.5,13.55
1.5,9.5,13.55
1,10,13.55
1.5,10,13.55
1,10.5,13.55
1,11,13.55
1,2,13.6
1,2.5,13.6
1.5,2.5,13.6
1,3,13.6
1.5,3,13.6
1,3.5,13.6
1.5,3.5,13.6
2,3.5,13.6
1,4,13.6
2,4,13.6
1,4.5,13.6
2,4.5,13.6
1,5,13.6
2,5,13.6
2.5,5,13.6
1,5.5,13.6
2.5,5.5,13.6
1,6,13.6
2.5,6,13.6
1,6.5,13.6
2.5,6.5,13.6
1,7,13.6
2.5,7,13.6
1,7.5,13.6
2.5,7.5,13.6
1,8,13.6
2.5,8,13.6
1,8.5,13.6
2,8.5,13.6
2.5,8.5,13.6
1,9,13.6
2,9,13.6
1,9.5,13.6
2,9.5,13.6
1,10,13.6
1.5,10,13.6
2,10,13.6
1,10.5,13.6
1.5,10.5,13.6
1,11,13.6
1.5,11,13.6
1,11.5,13.6
1.5,11.5,13.6
1,12,13.6
1,1.5,13.65
1,2,13.65
1,2.5,13.65
1.5,2.5,13.65
1,3,13.65
1.5,3,13.65
2,3,13.65
1,3.5,13.65
2,3.5,13.65
1,4,13.65
2,4,13.65
2.5,4,13.65
1,4.5,13.65
2.5,4.5,13.65
1,5,13.65
2.5,5,13.65
3,5,13.65
1,5.5,13.65
3,5.5,13.65
1,6,13.65
3,6,13.65
1,6.5,13.65
3,6.5,13.65
1,7,13.65
3,7,13.65
1,7.5,13.65
3,7.5,13.65
1,8,13.65
3,8,13.65
1,8.5,13.65
3,8.5,13.65
1,9,13.65
3,9,13.65
1,9.5,13.65
2.5,9.5,13.65
3,9.5,13.65
1,10,13.65
2.5,10,13.65
1,10.5,13.65
2,10.5,13.65
2.5,10.5,13.65
1,11,13.65
2,11,13.65
1,11.5,13.65
2,11.5,13.65
1,12,13.65
1.5,12,13.65
2,12,13.65
1,12.5,13.65
1.5,12.5,13.65
1,13,13.65
1.5,13,13.65
1,13.5,13.65
1,1.5,13.7
1,2,13.7
1.5,2,13.7
1,2.5,13.7
1.5,2.5,13.7
2,2.5,13.7
1,3,13.7
2,3,13.7
1,3.5,13.7
2,3.5,13.7
2.5,3.5,13.7
1,4,13.7
2.5,4,13.7
3,4,13.7
1,4.5,13.7
3,4.5,13.7
1,5,13.7
3,5,13.7
1,5.5,13.7
3,5.5,13.7
3.5,5.5,13.7
1,6,13.7
3.5,6,13.7
1,6.5,13.7
3.5,6.5,13.7
1,7,13.7
3.5,7,13.7
4,7,13.7
1,7.5,13.7
4,7.5,13.7
1,8,13.7
4,8,13.7
1,8.5,13.7
3.5,8.5,13.7
4,8.5,13.7
1,9,13.7
3.5,9,13.7
1,9.5,13.7
3.5,9.5,13.7
1,10,13.7
3.5,10,13.7
1,10.5,13.7
3,10.5,13.7
3.5,10.5,13.7
1,11,13.7
3,11,13.7
1,11.5,13.7
2.5,11.5,13.7
3,11.5,13.7
1,12,13.7
2.5,12,13.7
1,12.5,13.7
2,12.5,13.7
2.5,12.5,13.7
1,13,13.7
2,13,13.7
1,13.5,13.7
1.5,13.5,13.7
2,13.5,13.7
1,14,13.7
1.5,14,13.7
1,14.5,13.7
1.5,14.5,13.7
1,1.5,13.75
1,2,13.75
1.5,2,13.75
1,2.5,13.75
1.5,2.5,13.75
2,2.5,13.75
1,3,13.75
2,3,13.75
2.5,3,13.75
1,3.5,13.75
2.5,3.5,13.75
3,3.5,13.75
1,4,13.75
3,4,13.75
1,4.5,13.75
3,4.5,13.75
3.5,4.5,13.75
1,5,13.75
3.5,5,13.75
1,5.5,13.75
3.5,5.5,13.75
4,5.5,13.75
1,6,13.75
4,6,13.75
1,6.5,13.75
4,6.5,13.75
4.5,6.5,13.75
1,7,13.75
4.5,7,13.75
1,7.5,13.75
4.5,7.5,13.75
1,8,13.75
4.5,8,13.75
1,8.5,13.75
4.5,8.5,13.75
1,9,13.75
4.5,9,13.75
1,9.5,13.75
4.5,9.5,13.75
1,10,13.75
4,10,13.75
4.5,10,13.75
1,10.5,13.75
4,10.5,13.75
1,11,13.75
4,11,13.75
1,11.5,13.75
3.5,11.5,13.75
4,11.5,13.75
1,12,13.75
3.5,12,13.75
1,12.5,13.75
3,12.5,13.75
3.5,12.5,13.75
1,13,13.75
2.5,13,13.75
3,13,13.75
1,13.5,13.75
2.5,13.5,13.75
1,14,13.75
2,14,13.75
2.5,14,13.75
1,14.5,13.75
2,14.5,13.75
1,15,13.75
1.5,15,13.75
2,15,13.75
1.5,15.5,13.75
1,1.5,13.8
1,2,13.8
1.5,2,13.8
1,2.5,13.8
1.5,2.5,13.8
2,2.5,13.8
1,3,13.8
2,3,13.8
2.5,3,13.8
1,3.5,13.8
2.5,3.5,13.8
3,3.5,13.8
1,4,13.8
3,4,13.8
3.5,4,13.8
1,4.5,13.8
3.5,4.5,13.8
4,4.5,13.8
1,5,13.8
4,5,13.8
1,5.5,13.8
4,5.5,13.8
4.5,5.5,13.8
1,6,13.8
4.5,6,13.8
1,6.5,13.8
4.5,6.5,13.8
5,6.5,13.8
1,7,13.8
5,7,13.8
1,7.5,13.8
5,7.5,13.8
5.5,7.5,13.8
1,8,13.8
5.5,8,13.8
1,8.5,13.8
5.5,8.5,13.8
1,9,13.8
5.5,9,13.8
1,9.5,13.8
5.5,9.5,13.8
1,10,13.8
5.5,10,13.8
1,10.5,13.8
5,10.5,13.8
5.5,10.5,13.8
1,11,13.8
5,11,13.8
1,11.5,13.8
4.5,11.5,13.8
5,11.5,13.8
1,12,13.8
4.5,12,13.8
1,12.5,13.8
4,12.5,13.8
4.5,12.5,13.8
1,13,13.8
3.5,13,13.8
4,13,13.8
1,13.5,13.8
3.5,13.5,13.8
1,14,13.8
3,14,13.8
3.5,14,13.8
1,14.5,13.8
2.5,14.5,13.8
3,14.5,13.8
1,15,13.8
2.5,15,13.8
1,15.5,13.8
2,15.5,13.8
2.5,15.5,13.8
1,16,13.8
1.5,16,13.8
2,16,13.8
1.5,16.5,13.8
1,1.5,13.85
1,2,13.85
1.5,2,13.85
2,2,13.85
1,2.5,13.85
2,2.5,13.85
2.5,2.5,13.85
1,3,13.85
2.5,3,13.85
3,3,13.85
1,3.5,13.85
3,3.5,13.85
3.5,3.5,13.85
1,4,13.85
3.5,4,13.85
4,4,13.85
1,4.5,13.85
4,4.5,13.85
1,5,13.85
4,5,13.85
4.5,5,13.85
1,5.5,13.85
4.5,5.5,13.85
5,5.5,13.85
1,6,13.85
5,6,13.85
1,6.5,13.85
5,6.5,13.85
5.5,6.5,13.85
1,7,13.85
5.5,7,13.85
6,7,13.85
1,7.5,13.85
6,7.5,13.85
1,8,13.85
6,8,13.85
1,8.5,13.85
6,8.5,13.85
6.5,8.5,13.85
1,9,13.85
6.5,9,13.85
1,9.5,13.85
6.5,9.5,13.85
1,10,13.85
6.5,10,13.85
1,10.5,13.85
6.5,10.5,13.85
1,11,13.85
6,11,13.85
6.5,11,13.85
1,11.5,13.85
6,11.5,13.85
1,12,13.85
5.5,12,13.85
6,12,13.85
1,12.5,13.85
5.5,12.5,13.85
1,13,13.85
5,13,13.85
5.5,13,13.85
1,13.5,13.85
4.5,13.5,13.85
5,13.5,13.85
1,14,13.85
4,14,13.85
4.5,14,13.85
1,14.5,13.85
3.5,14.5,13.85
4,14.5,13.85
1,15,13.85
3.5,15,13.85
1,15.5,13.85
3,15.5,13.85
3.5,15.5,13.85
1,16,13.85
2.5,16,13.85
3,16,13.85
1,16.5,13.85
1.5,16.5,13.85
2,16.5,13.85
2.5,16.5,13.85
1.5,17,13.85
2,17,13.85
1,1.5,13.9
1.5,1.5,13.9
1,2,13.9
1.5,2,13.9
2,2,13.9
1,2.5,13.9
2,2.5,13.9
2.5,2.5,13.9
1,3,13.9
2.5,3,13.9
3,3,13.9
1,3.5,13.9
3,3.5,13.9
3.5,3.5,13.9
1,4,13.9
3.5,4,13.9
4,4,13.9
1,4.5,13.9
4,4.5,13.9
4.5,4.5,13.9
1,5,13.9
4.5,5,13.9
5,5,13.9
1,5.5,13.9
5,5.5,13.9
5.5,5.5,13.9
1,6,13.9
5.5,6,13.9
1,6.5,13.9
5.5,6.5,13.9
6,6.5,13.9
1,7,13.9
6,7,13.9
6.5,7,13.9
1,7.5,13.9
6.5,7.5,13.9
1,8,13.9
6.5,8,13.9
7,8,13.9
1,8.5,13.9
7,8.5,13.9
1,9,13.9
7,9,13.9
7.5,9,13.9
1,9.5,13.9
7.5,9.5,13.9
1,10,13.9
7.5,10,13.9
1,10.5,13.9
7.5,10.5,13.9
1,11,13.9
7.5,11,13.9
1,11.5,13.9
7,11.5,13.9
7.5,11.5,13.9
1,12,13.9
7,12,13.9
1,12.5,13.9
6.5,12.5,13.9
7,12.5,13.9
1,13,13.9
6,13,13.9
6.5,13,13.9
1,13.5,13.9
6,13.5,13.9
1,14,13.9
5.5,14,13.9
6,14,13.9
1,14.5,13.9
5,14.5,13.9
5.5,14.5,13.9
1,15,13.9
4.5,15,13.9
5,15,13.9
1,15.5,13.9
4,15.5,13.9
4.5,15.5,13.9
1,16,13.9
3.5,16,13.9
4,16,13.9
1,16.5,13.9
3,16.5,13.9
3.5,16.5,13.9
1,17,13.9
1.5,17,13.9
2.5,17,13.9
3,17,13.9
1.5,17.5,13.9
2,17.5,13.9
2.5,17.5,13.9
1.5,18,13.9
2,18,13.9
1,1.5,13.95
1.5,1.5,13.95
1,2,13.95
1.5,2,13.95
2,2,13.95
1,2.5,13.95
2,2.5,13.95
2.5,2.5,13.95
1,3,13.95
2.5,3,13.95
3,3,13.95
3.5,3,13.95
1,3.5,13.95
3.5,3.5,13.95
4,3.5,13.95
1,4,13.95
4,4,13.95
4.5,4,13.95
1,4.5,13.95
4.5,4.5,13.95
5,4.5,13.95
1,5,13.95
5,5,13.95
5.5,5,13.95
1,5.5,13.95
5.5,5.5,13.95
6,5.5,13.95
1,6,13.95
6,6,13.95
1,6.5,13.95
6,6.5,13.95
6.5,6.5,13.95
1,7,13.95
6.5,7,13.95
7,7,13.95
1,7.5,13.95
7,7.5,13.95
7.5,7.5,13.95
1,8,13.95
7.5,8,13.95
1,8.5,13.95
7.5,8.5,13.95
8,8.5,13.95
1,9,13.95
8,9,13.95
1,9.5,13.95
8,9.5,13.95
8.5,9.5,13.95
1,10,13.95
8.5,10,13.95
1,10.5,13.95
8.5,10.5,13.95
1,11,13.95
8.5,11,13.95
1,11.5,13.95
8.5,11.5,13.95
1,12,13.95
8,12,13.95
8.5,12,13.95
1,12.5,13.95
8,12.5,13.95
1,13,13.95
7.5,13,13.95
8,13,13.95
1,13.5,13.95
7.5,13.5,13.95
1,14,13.95
7,14,13.95
7.5,14,13.95
1,14.5,13.95
6.5,14.5,13.95
7,14.5,13.95
1,15,13.95
5.5,15,13.95
6,15,13.95
6.5,15,13.95
1,15.5,13.95
5,15.5,13.95
5.5,15.5,13.95
1,16,13.95
4.5,16,13.95
5,16,13.95
1,16.5,13.95
4,16.5,13.95
4.5,16.5,13.95
1,17,13.95
1.5,17,13.95
3.5,17,13.95
4,17,13.95
1.5,17.5,13.95
3,17.5,13.95
3.5,17.5,13.95
1.5,18,13.95
2,18,13.95
2.5,18,13.95
3,18,13.95
1.5,18.5,13.95
2,18.5,13.95
1,1.5,14
1.5,1.5,14
1,2,14
1.5,2,14
2,2,14
1,2.5,14
2,2.5,14
2.5,2.5,14
3,2.5,14
1,3,14
3,3,14
3.5,3,14
1,3.5,14
3.5,3.5,14
4,3.5,14
1,4,14
4,4,14
4.5,4,14
1,4.5,14
4.5,4.5,14
5,4.5,14
1,5,14
5,5,14
5.5,5,14
1,5.5,14
5.5,5.5,14
6,5.5,14
1,6,14
6,6,14
6.5,6,14
1,6.5,14
6.5,6.5,14
7,6.5,14
1,7,14
7,7,14
7.5,7,14
1,7.5,14
7.5,7.5,14
8,7.5,14
1,8,14
8,8,14
1,8.5,14
8,8.5,14
8.5,8.5,14
1,9,14
8.5,9,14
9,9,14
1,9.5,14
9,9.5,14
1,10,14
9,10,14
9.5,10,14
1,10.5,14
9.5,10.5,14
1,11,14
9.5,11,14
1,11.5,14
9.5,11.5,14
1,12,14
9.5,12,14
1,12.5,14
9.5,12.5,14
1,13,14
9,13,14
9.5,13,14
1,13.5,14
9,13.5,14
1,14,14
8.5,14,14
9,14,14
1,14.5,14
8,14.5,14
8.5,14.5,14
1,15,14
7.5,15,14
8,15,14
1,15.5,14
6.5,15.5,14
7,15.5,14
7.5,15.5,14
1,16,14
6,16,14
6.5,16,14
1,16.5,14
5.5,16.5,14
6,16.5,14
1,17,14
1.5,17,14
4.5,17,14
5,17,14
5.5,17,14
1.5,17.5,14
4,17.5,14
4.5,17.5,14
1.5,18,14
3.5,18,14
4,18,14
1.5,18.5,14
2,18.5,14
2.5,18.5,14
3,18.5,14
3.5,18.5,14
2,19,14
2.5,19,14
1,1.5,14.05
1.5,1.5,14.05
1,2,14.05
1.5,2,14.05
2,2,14.05
2.5,2,14.05
1,2.5,14.05
2.5,2.5,14.05
3,2.5,14.05
1,3,14.05
3,3,14.05
3.5,3,14.05
1,3.5,14.05
3.5,3.5,14.05
4,3.5,14.05
4.5,3.5,14.05
1,4,14.05
4.5,4,14.05
5,4,14.05
1,4.5,14.05
5,4.5,14.05
5.5,4.5,14.05
1,5,14.05
5.5,5,14.05
6,5,14.05
1,5.5,14.05
6,5.5,14.05
6.5,5.5,14.05
1,6,14.05
6.5,6,14.05
7,6,14.05
1,6.5,14.05
7,6.5,14.05
7.5,6.5,14.05
1,7,14.05
7.5,7,14.05
8,7,14.05
1,7.5,14.05
8,7.5,14.05
8.5,7.5,14.05
1,8,14.05
8.5,8,14.05
9,8,14.05
1,8.5,14.05
9,8.5,14.05
1,9,14.05
9,9,14.05
9.5,9,14.05
1,9.5,14.05
9.5,9.5,14.05
10,9.5,14.05
1,10,14.05
10,10,14.05
1,10.5,14.05
10,10.5,14.05
10.5,10.5,14.05
1,11,14.05
10.5,11,14.05
1,11.5,14.05
10.5,11.5,14.05
1,12,14.05
10.5,12,14.05
1,12.5,14.05
10.5,12.5,14.05
1,13,14.05
10.5,13,14.05
1,13.5,14.05
10,13.5,14.05
10.5,13.5,14.05
1,14,14.05
10,14,14.05
1,14.5,14.05
9.5,14.5,14.05
10,14.5,14.05
1,15,14.05
9,15,14.05
9.5,15,14.05
1,15.5,14.05
8.5,15.5,14.05
9,15.5,14.05
1,16,14.05
7.5,16,14.05
8,16,14.05
8.5,16,14.05
1,16.5,14.05
7,16.5,14.05
7.5,16.5,14.05
1,17,14.05
1.5,17,14.05
6,17,14.05
6.5,17,14.05
7,17,14.05
1.5,17.5,14.05
5,17.5,14.05
5.5,17.5,14.05
6,17.5,14.05
1.5,18,14.05
4.5,18,14.05
5,18,14.05
1.5,18.5,14.05
3.5,18.5,14.05
4,18.5,14.05
4.5,18.5,14.05
1.5,19,14.05
2,19,14.05
2.5,19,14.05
3,19,14.05
3.5,19,14.05
2,19.5,14.05
2.5,19.5,14.05
1,1.5,14.1
1.5,1.5,14.1
1,2,14.1
1.5,2,14.1
2,2,14.1
2.5,2,14.1
1,2.5,14.1
2.5,2.5,14.1
3,2.5,14.1
1,3,14.1
3,3,14.1
3.5,3,14.1
4,3,14.1
1,3.5,14.1
4,3.5,14.1
4.5,3.5,14.1
1,4,14.1
4.5,4,14.1
5,4,14.1
1,4.5,14.1
5,4.5,14.1
5.5,4.5,14.1
1,5,14.1
5.5,5,14.1
6,5,14.1
6.5,5,14.1
1,5.5,14.1
6.5,5.5,14.1
7,5.5,14.1
1,6,14.1
7,6,14.1
7.5,6,14.1
1,6.5,14.1
7.5,6.5,14.1
8,6.5,14.1
1,7,14.1
8,7,14.1
8.5,7,14.1
1,7.5,14.1
8.5,7.5,14.1
9,7.5,14.1
1,8,14.1
9,8,14.1
9.5,8,14.1
1,8.5,14.1
9.5,8.5,14.1
10,8.5,14.1
1,9,14.1
10,9,14.1
1,9.5,14.1
10,9.5,14.1
10.5,9.5,14.1
1,10,14.1
10.5,10,14.1
11,10,14.1
1,10.5,14.1
11,10.5,14.1
1,11,14.1
11,11,14.1
11.5,11,14.1
1,11.5,14.1
11.5,11.5,14.1
1,12,14.1
11.5,12,14.1
1,12.5,14.1
11.5,12.5,14.1
1,13,14.1
11.5,13,14.1
1,13.5,14.1
11.5,13.5,14.1
1,14,14.1
11.5,14,14.1
1,14.5,14.1
11,14.5,14.1
11.5,14.5,14.1
1,15,14.1
10.5,15,14.1
11,15,14.1
1,15.5,14.1
10,15.5,14.1
10.5,15.5,14.1
1,16,14.1
9.5,16,14.1
10,16,14.1
1,16.5,14.1
8.5,16.5,14.1
9,16.5,14.1
9.5,16.5,14.1
1,17,14.1
1.5,17,14.1
7.5,17,14.1
8,17,14.1
8.5,17,14.1
1.5,17.5,14.1
6.5,17.5,14.1
7,17.5,14.1
7.5,17.5,14.1
1.5,18,14.1
5.5,18,14.1
6,18,14.1
6.5,18,14.1
1.5,18.5,14.1
4.5,18.5,14.1
5,18.5,14.1
5.5,18.5,14.1
1.5,19,14.1
2,19,14.1
3.5,19,14.1
4,19,14.1
4.5,19,14.1
2,19.5,14.1
2.5,19.5,14.1
3,19.5,14.1
3.5,19.5,14.1
1,1.5,14.15
1.5,1.5,14.15
1,2,14.15
1.5,2,14.15
2,2,14.15
2.5,2,14.15
1,2.5,14.15
2.5,2.5,14.15
3,2.5,14.15
1,3,14.15
3,3,14.15
3.5,3,14.15
4,3,14.15
1,3.5,14.15
4,3.5,14.15
4.5,3.5,14.15
1,4,14.15
4.5,4,14.15
5,4,14.15
1,4.5,14.15
5,4.5,14.15
5.5,4.5,14.15
6,4.5,14.15
1,5,14.15
6,5,14.15
6.5,5,14.15
1,5.5,14.15
6.5,5.5,14.15
7,5.5,14.15
1,6,14.15
7,6,14.15
7.5,6,14.15
1,6.5,14.15
7.5,6.5,14.15
8,6.5,14.15
8.5,6.5,14.15
1,7,14.15
8.5,7,14.15
9,7,14.15
1,7.5,14.15
9,7.5,14.15
9.5,7.5,14.15
1,8,14.15
9.5,8,14.15
10,8,14.15
1,8.5,14.15
10,8.5,14.15
10.5,8.5,14.15
1,9,14.15
10.5,9,14.15
11,9,14.15
1,9.5,14.15
11,9.5,14.15
1,10,14.15
11,10,14.15
11.5,10,14.15
1,10.5,14.15
11.5,10.5,14.15
12,10.5,14.15
1,11,14.15
12,11,14.15
1,11.5,14.15
12,11.5,14.15
12.5,11.5,14.15
1,12,14.15
12.5,12,14.15
1,12.5,14.15
12.5,12.5,14.15
1,13,14.15
12.5,13,14.15
1,13.5,14.15
12.5,13.5,14.15
13,13.5,14.15
1,14,14.15
12.5,14,14.15
1,14.5,14.15
12.5,14.5,14.15
1,15,14.15
12,15,14.15
12.5,15,14.15
1,15.5,14.15
11.5,15.5,14.15
12,15.5,14.15
1,16,14.15
11,16,14.15
11.5,16,14.15
1,16.5,14.15
1.5,16.5,14.15
10.5,16.5,14.15
11,16.5,14.15
1.5,17,14.15
9.5,17,14.15
10,17,14.15
10.5,17,14.15
1.5,17.5,14.15
8.5,17.5,14.15
9,17.5,14.15
9.5,17.5,14.15
1.5,18,14.15
7,18,14.15
7.5,18,14.15
8,18,14.15
8.5,18,14.15
1.5,18.5,14.15
6,18.5,14.15
6.5,18.5,14.15
7,18.5,14.15
1.5,19,14.15
2,19,14.15
5,19,14.15
5.5,19,14.15
6,19,14.15
2,19.5,14.15
2.5,19.5,14.15
3.5,19.5,14.15
4,19.5,14.15
4.5,19.5,14.15
5,19.5,14.15
2.5,20,14.15
3.5,20,14.15
1,1.5,14.2
1.5,1.5,14.2
1,2,14.2
1.5,2,14.2
2,2,14.2
2.5,2,14.2
1,2.5,14.2
2.5,2.5,14.2
3,2.5,14.2
1,3,14.2
3,3,14.2
3.5,3,14.2
4,3,14.2
1,3.5,14.2
4,3.5,14.2
4.5,3.5,14.2
1,4,14.2
4.5,4,14.2
5,4,14.2
5.5,4,14.2
1,4.5,14.2
5.5,4.5,14.2
6,4.5,14.2
1,5,14.2
6,5,14.2
6.5,5,14.2
1,5.5,14.2
6.5,5.5,14.2
7,5.5,14.2
7.5,5.5,14.2
1,6,14.2
7.5,6,14.2
8,6,14.2
1,6.5,14.2
8,6.5,14.2
8.5,6.5,14.2
1,7,14.2
8.5,7,14.2
9,7,14.2
1,7.5,14.2
9,7.5,14.2
9.5,7.5,14.2
1,8,14.2
9.5,8,14.2
10,8,14.2
10.5,8,14.2
1,8.5,14.2
10.5,8.5,14.2
11,8.5,14.2
1,9,14.2
11,9,14.2
11.5,9,14.2
1,9.5,14.2
11.5,9.5,14.2
1,10,14.2
11.5,10,14.2
12,10,14.2
1,10.5,14.2
12,10.5,14.2
12.5,10.5,14.2
1,11,14.2
12.5,11,14.2
13,11,14.2
1,11.5,14.2
13,11.5,14.2
1,12,14.2
13,12,14.2
13.5,12,14.2
1,12.5,14.2
13.5,12.5,14.2
1,13,14.2
13.5,13,14.2
1,13.5,14.2
13.5,13.5,14.2
1,14,14.2
13.5,14,14.2
1,14.5,14.2
13.5,14.5,14.2
1,15,14.2
13.5,15,14.2
1,15.5,14.2
13,15.5,14.2
13.5,15.5,14.2
1,16,14.2
1.5,16,14.2
12.5,16,14.2
13,16,14.2
1.5,16.5,14.2
12,16.5,14.2
12.5,16.5,14.2
1.5,17,14.2
11.5,17,14.2
12,17,14.2
1.5,17.5,14.2
10.5,17.5,14.2
11,17.5,14.2
11.5,17.5,14.2
1.5,18,14.2
9,18,14.2
9.5,18,14.2
10,18,14.2
10.5,18,14.2
1.5,18.5,14.2
2,18.5,14.2
7.5,18.5,14.2
8,18.5,14.2
8.5,18.5,14.2
9,18.5,14.2
2,19,14.2
6,19,14.2
6.5,19,14.2
7,19,14.2
7.5,19,14.2
2,19.5,14.2
2.5,19.5,14.2
4.5,19.5,14.2
5,19.5,14.2
5.5,19.5,14.2
6,19.5,14.2
2.5,20,14.2
4.5,20,14.2
1,1.5,14.25
1.5,1.5,14.25
1,2,14.25
1.5,2,14.25
2,2,14.25
2.5,2,14.25
1,2.5,14.25
2.5,2.5,14.25
3,2.5,14.25
1,3,14.25
3,3,14.25
3.5,3,14.25
4,3,14.25
1,3.5,14.25
4,3.5,14.25
4.5,3.5,14.25
1,4,14.25
4.5,4,14.25
5,4,14.25
5.5,4,14.25
1,4.5,14.25
5.5,4.5,14.25
6,4.5,14.25
1,5,14.25
6,5,14.25
6.5,5,14.25
7,5,14.25
1,5.5,14.25
7,5.5,14.25
7.5,5.5,14.25
1,6,14.25
7.5,6,14.25
8,6,14.25
1,6.5,14.25
8,6.5,14.25
8.5,6.5,14.25
9,6.5,14.25
1,7,14.25
9,7,14.25
9.5,7,14.25
1,7.5,14.25
9.5,7.5,14.25
10,7.5,14.25
1,8,14.25
10,8,14.25
10.5,8,14.25
1,8.5,14.25
10.5,8.5,14.25
11,8.5,14.25
1,9,14.25
11,9,14.25
11.5,9,14.25
1,9.5,14.25
11.5,9.5,14.25
12,9.5,14.25
1,10,14.25
12,10,14.25
12.5,10,14.25
1,10.5,14.25
12.5,10.5,14.25
13,10.5,14.25
1,11,14.25
13,11,14.25
13.5,11,14.25
1,11.5,14.25
13.5,11.5,14.25
14,11.5,14.25
1,12,14.25
14,12,14.25
1,12.5,14.25
14,12.5,14.25
14.5,12.5,14.25
1,13,14.25
14.5,13,14.25
1,13.5,14.25
14.5,13.5,14.25
1,14,14.25
14.5,14,14.25
1,14.5,14.25
14.5,14.5,14.25
1,15,14.25
1.5,15,14.25
14.5,15,14.25
1.5,15.5,14.25
14.5,15.5,14.25
1.5,16,14.25
14,16,14.25
14.5,16,14.25
1.5,16.5,14.25
13.5,16.5,14.25
14,16.5,14.25
1.5,17,14.25
13,17,14.25
13.5,17,14.25
1.5,17.5,14.25
12,17.5,14.25
12.5,17.5,14.25
13,17.5,14.25
1.5,18,14.25
2,18,14.25
11,18,14.25
11.5,18,14.25
12,18,14.25
2,18.5,14.25
9.5,18.5,14.25
10,18.5,14.25
10.5,18.5,14.25
11,18.5,14.25
2,19,14.25
2.5,19,14.25
7.5,19,14.25
8,19,14.25
8.5,19,14.25
9,19,14.25
9.5,19,14.25
2.5,19.5,14.25
5.5,19.5,14.25
6,19.5,14.25
6.5,19.5,14.25
7,19.5,14.25
7.5,19.5,14.25
2.5,20,14.25
5.5,20,14.25
1,1.5,14.3
1.5,1.5,14.3
1,2,14.3
1.5,2,14.3
2,2,14.3
2.5,2,14.3
1,2.5,14.3
2.5,2.5,14.3
3,2.5,14.3
1,3,14.3
3,3,14.3
3.5,3,14.3
4,3,14.3
1,3.5,14.3
4,3.5,14.3
4.5,3.5,14.3
5,3.5,14.3
1,4,14.3
5,4,14.3
5.5,4,14.3
1,4.5,14.3
5.5,4.5,14.3
6,4.5,14.3
6.5,4.5,14.3
1,5,14.3
6.5,5,14.3
7,5,14.3
1,5.5,14.3
7,5.5,14.3
7.5,5.5,14.3
1,6,14.3
7.5,6,14.3
8,6,14.3
8.5,6,14.3
1,6.5,14.3
8.5,6.5,14.3
9,6.5,14.3
1,7,14.3
9,7,14.3
9.5,7,14.3
1,7.5,14.3
9.5,7.5,14.3
10,7.5,14.3
10.5,7.5,14.3
1,8,14.3
10.5,8,14.3
11,8,14.3
1,8.5,14.3
11,8.5,14.3
11.5,8.5,14.3
1,9,14.3
11.5,9,14.3
12,9,14.3
1,9.5,14.3
12,9.5,14.3
12.5,9.5,14.3
1,10,14.3
12.5,10,14.3
13,10,14.3
1,10.5,14.3
13,10.5,14.3
13.5,10.5,14.3
1,11,14.3
13.5,11,14.3
14,11,14.3
1,11.5,14.3
14,11.5,14.3
14.5,11.5,14.3
1,12,14.3
14.5,12,14.3
1,12.5,14.3
14.5,12.5,14.3
15,12.5,14.3
1,13,14.3
15,13,14.3
1,13.5,14.3
15,13.5,14.3
15.5,13.5,14.3
1,14,14.3
15.5,14,14.3
1,14.5,14.3
1.5,14.5,14.3
15.5,14.5,14.3
1.5,15,14.3
15.5,15,14.3
1.5,15.5,14.3
15.5,15.5,14.3
1.5,16,14.3
15,16,14.3
15.5,16,14.3
1.5,16.5,14.3
15,16.5,14.3
1.5,17,14.3
14.5,17,14.3
15,17,14.3
1.5,17.5,14.3
2,17.5,14.3
13.5,17.5,14.3
14,17.5,14.3
14.5,17.5,14.3
2,18,14.3
13,18,14.3
13.5,18,14.3
2,18.5,14.3
11.5,18.5,14.3
12,18.5,14.3
12.5,18.5,14.3
13,18.5,14.3
2,19,14.3
2.5,19,14.3
9.5,19,14.3
10,19,14.3
10.5,19,14.3
11,19,14.3
11.5,19,14.3
2.5,19.5,14.3
3,19.5,14.3
6.5,19.5,14.3
7,19.5,14.3
7.5,19.5,14.3
8,19.5,14.3
8.5,19.5,14.3
9,19.5,14.3
9.5,19.5,14.3
3,20,14.3
6.5,20,14.3
1,1.5,14.35
1,2,14.35
1.5,2,14.35
2,2,14.35
1,2.5,14.35
2,2.5,14.35
2.5,2.5,14.35
3,2.5,14.35
1,3,14.35
3,3,14.35
3.5,3,14.35
4,3,14.35
1,3.5,14.35
4,3.5,14.35
4.5,3.5,14.35
5,3.5,14.35
1,4,14.35
5,4,14.35
5.5,4,14.35
1,4.5,14.35
5.5,4.5,14.35
6,4.5,14.35
6.5,4.5,14.35
1,5,14.35
6.5,5,14.35
7,5,14.35
1,5.5,14.35
7,5.5,14.35
7.5,5.5,14.35
8,5.5,14.35
1,6,14.35
8,6,14.35
8.5,6,14.35
1,6.5,14.35
8.5,6.5,14.35
9,6.5,14.35
1,7,14.35
9,7,14.35
9.5,7,14.35
10,7,14.35
1,7.5,14.35
10,7.5,14.35
10.5,7.5,14.35
1,8,14.35
10.5,8,14.35
11,8,14.35
1,8.5,14.35
11,8.5,14.35
11.5,8.5,14.35
12,8.5,14.35
1,9,14.35
12,9,14.35
12.5,9,14.35
1,9.5,14.35
12.5,9.5,14.35
13,9.5,14.35
1,10,14.35
13,10,14.35
13.5,10,14.35
1,10.5,14.35
13.5,10.5,14.35
14,10.5,14.35
1,11,14.35
14,11,14.35
14.5,11,14.35
1,11.5,14.35
14.5,11.5,14.35
15,11.5,14.35
1,12,14.35
15,12,14.35
1,12.5,14.35
15,12.5,14.35
15.5,12.5,14.35
1,13,14.35
15.5,13,14.35
16,13,14.35
1,13.5,14.35
1.5,13.5,14.35
16,13.5,14.35
1.5,14,14.35
16,14,14.35
1.5,14.5,14.35
16,14.5,14.35
1.5,15,14.35
16,15,14.35
16.5,15,14.35
1.5,15.5,14.35
16,15.5,14.35
16.5,15.5,14.35
1.5,16,14.35
16,16,14.35
1.5,16.5,14.35
2,16.5,14.35
16,16.5,14.35
2,17,14.35
15.5,17,14.35
16,17,14.35
2,17.5,14.35
15,17.5,14.35
15.5,17.5,14.35
2,18,14.35
2.5,18,14.35
14,18,14.35
14.5,18,14.35
15,18,14.35
2.5,18.5,14.35
13,18.5,14.35
13.5,18.5,14.35
14,18.5,14.35
2.5,19,14.35
3,19,14.35
11.5,19,14.35
12,19,14.35
12.5,19,14.35
13,19,14.35
3,19.5,14.35
3.5,19.5,14.35
8.5,19.5,14.35
9,19.5,14.35
9.5,19.5,14.35
10,19.5,14.35
10.5,19.5,14.35
11,19.5,14.35
11.5,19.5,14.35
3.5,20,14.35
8.5,20,14.35
1,2,14.4
1.5,2,14.4
2,2,14.4
1,2.5,14.4
2,2.5,14.4
2.5,2.5,14.4
3,2.5,14.4
1,3,14.4
3,3,14.4
3.5,3,14.4
4,3,14.4
1,3.5,14.4
4,3.5,14.4
4.5,3.5,14.4
1,4,14.4
4.5,4,14.4
5,4,14.4
5.5,4,14.4
1,4.5,14.4
5.5,4.5,14.4
6,4.5,14.4
6.5,4.5,14.4
1,5,14.4
6.5,5,14.4
7,5,14.4
1,5.5,14.4
7,5.5,14.4
7.5,5.5,14.4
8,5.5,14.4
1,6,14.4
8,6,14.4
8.5,6,14.4
1,6.5,14.4
8.5,6.5,14.4
9,6.5,14.4
9.5,6.5,14.4
1,7,14.4
9.5,7,14.4
10,7,14.4
1,7.5,14.4
10,7.5,14.4
10.5,7.5,14.4
1,8,14.4
10.5,8,14.4
11,8,14.4
11.5,8,14.4
1,8.5,14.4
11.5,8.5,14.4
12,8.5,14.4
1,9,14.4
12,9,14.4
12.5,9,14.4
1,9.5,14.4
12.5,9.5,14.4
13,9.5,14.4
1,10,14.4
13,10,14.4
13.5,10,14.4
14,10,14.4
1,10.5,14.4
14,10.5,14.4
14.5,10.5,14.4
1,11,14.4
14.5,11,14.4
15,11,14.4
1,11.5,14.4
15,11.5,14.4
1,12,14.4
1.5,12,14.4
15,12,14.4
15.5,12,14.4
1.5,12.5,14.4
15.5,12.5,14.4
16,12.5,14.4
1.5,13,14.4
16,13,14.4
1.5,13.5,14.4
16,13.5,14.4
16.5,13.5,14.4
1.5,14,14.4
16.5,14,14.4
1.5,14.5,14.4
16.5,14.5,14.4
17,14.5,14.4
1.5,15,14.4
17,15,14.4
1.5,15.5,14.4
2,15.5,14.4
17,15.5,14.4
2,16,14.4
17,16,14.4
2,16.5,14.4
16.5,16.5,14.4
17,16.5,14.4
2,17,14.4
16.5,17,14.4
2,17.5,14.4
2.5,17.5,14.4
16,17.5,14.4
16.5,17.5,14.4
2.5,18,14.4
15.5,18,14.4
16,18,14.4
2.5,18.5,14.4
3,18.5,14.4
14.5,18.5,14.4
15,18.5,14.4
15.5,18.5,14.4
3,19,14.4
3.5,19,14.4
13,19,14.4
13.5,19,14.4
14,19,14.4
14.5,19,14.4
3.5,19.5,14.4
4,19.5,14.4
10.5,19.5,14.4
11,19.5,14.4
11.5,19.5,14.4
12,19.5,14.4
12.5,19.5,14.4
13,19.5,14.4
4,20,14.4
10.5,20,14.4
1,2,14.45
1.5,2,14.45
2,2,14.45
1,2.5,14.45
2,2.5,14.45
2.5,2.5,14.45
3,2.5,14.45
1,3,14.45
3,3,14.45
3.5,3,14.45
4,3,14.45
1,3.5,14.45
4,3.5,14.45
4.5,3.5,14.45
1,4,14.45
4.5,4,14.45
5,4,14.45
5.5,4,14.45
1,4.5,14.45
5.5,4.5,14.45
6,4.5,14.45
6.5,4.5,14.45
1,5,14.45
6.5,5,14.45
7,5,14.45
1,5.5,14.45
7,5.5,14.45
7.5,5.5,14.45
8,5.5,14.45
1,6,14.45
8,6,14.45
8.5,6,14.45
1,6.5,14.45
8.5,6.5,14.45
9,6.5,14.45
9.5,6.5,14.45
1,7,14.45
9.5,7,14.45
10,7,14.45
1,7.5,14.45
10,7.5,14.45
10.5,7.5,14.45
11,7.5,14.45
1,8,14.45
11,8,14.45
11.5,8,14.45
1,8.5,14.45
11.5,8.5,14.45
12,8.5,14.45
1,9,14.45
12,9,14.45
12.5,9,14.45
13,9,14.45
1,9.5,14.45
13,9.5,14.45
13.5,9.5,14.45
1,10,14.45
13.5,10,14.45
14,10,14.45
1,10.5,14.45
14,10.5,14.45
14.5,10.5,14.45
1,11,14.45
1.5,11,14.45
14.5,11,14.45
15,11,14.45
1.5,11.5,14.45
15,11.5,14.45
15.5,11.5,14.45
1.5,12,14.45
15.5,12,14.45
16,12,14.45
1.5,12.5,14.45
16,12.5,14.45
16.5,12.5,14.45
1.5,13,14.45
16.5,13,14.45
1.5,13.5,14.45
16.5,13.5,14.45
17,13.5,14.45
1.5,14,14.45
17,14,14.45
1.5,14.5,14.45
2,14.5,14.45
17,14.5,14.45
17.5,14.5,14.45
2,15,14.45
17.5,15,14.45
2,15.5,14.45
17.5,15.5,14.45
2,16,14.45
17.5,16,14.45
2,16.5,14.45
2.5,16.5,14.45
17,16.5,14.45
17.5,16.5,14.45
2.5,17,14.45
17,17,14.45
2.5,17.5,14.45
3,17.5,14.45
16.5,17.5,14.45
17,17.5,14.45
3,18,14.45
16,18,14.45
16.5,18,14.45
3,18.5,14.45
3.5,18.5,14.45
15.5,18.5,14.45
16,18.5,14.45
3.5,19,14.45
4,19,14.45
14.5,19,14.45
15,19,14.45
15.5,19,14.45
4,19.5,14.45
4.5,19.5,14.45
5,19.5,14.45
5.5,19.5,14.45
12,19.5,14.45
12.5,19.5,14.45
13,19.5,14.45
13.5,19.5,14.45
14,19.5,14.45
14.5,19.5,14.45
5.5,20,14.45
12,20,14.45
1.5,2,14.5
1,2.5,14.5
1.5,2.5,14.5
2,2.5,14.5
2.5,2.5,14.5
1,3,14.5
2.5,3,14.5
3,3,14.5
3.5,3,14.5
1,3.5,14.5
3.5,3.5,14.5
4,3.5,14.5
4.5,3.5,14.5
1,4,14.5
4.5,4,14.5
5,4,14.5
5.5,4,14.5
1,4.5,14.5
5.5,4.5,14.5
6,4.5,14.5
1,5,14.5
6,5,14.5
6.5,5,14.5
7,5,14.5
1,5.5,14.5
7,5.5,14.5
7.5,5.5,14.5
8,5.5,14.5
1,6,14.5
8,6,14.5
8.5,6,14.5
1,6.5,14.5
8.5,6.5,14.5
9,6.5,14.5
9.5,6.5,14.5
1,7,14.5
9.5,7,14.5
10,7,14.5
1,7.5,14.5
10,7.5,14.5
10.5,7.5,14.5
11,7.5,14.5
1,8,14.5
11,8,14.5
11.5,8,14.5
1,8.5,14.5
11.5,8.5,14.5
12,8.5,14.5
1,9,14.5
12,9,14.5
12.5,9,14.5
13,9,14.5
1,9.5,14.5
1.5,9.5,14.5
13,9.5,14.5
13.5,9.5,14.5
1.5,10,14.5
13.5,10,14.5
14,10,14.5
1.5,10.5,14.5
14,10.5,14.5
14.5,10.5,14.5
1.5,11,14.5
14.5,11,14.5
15,11,14.5
1.5,11.5,14.5
15,11.5,14.5
15.5,11.5,14.5
1.5,12,14.5
15.5,12,14.5
16,12,14.5
1.5,12.5,14.5
16,12.5,14.5
16.5,12.5,14.5
1.5,13,14.5
16.5,13,14.5
17,13,14.5
1.5,13.5,14.5
2,13.5,14.5
17,13.5,14.5
2,14,14.5
17,14,14.5
17.5,14,14.5
2,14.5,14.5
17.5,14.5,14.5
2,15,14.5
17.5,15,14.5
18,15,14.5
2,15.5,14.5
2.5,15.5,14.5
18,15.5,14.5
2.5,16,14.5
18,16,14.5
2.5,16.5,14.5
17.5,16.5,14.5
18,16.5,14.5
2.5,17,14.5
3,17,14.5
17.5,17,14.5
3,17.5,14.5
3.5,17.5,14.5
17,17.5,14.5
17.5,17.5,14.5
3.5,18,14.5
16.5,18,14.5
17,18,14.5
3.5,18.5,14.5
4,18.5,14.5
16,18.5,14.5
16.5,18.5,14.5
4,19,14.5
4.5,19,14.5
5,19,14.5
15,19,14.5
15.5,19,14.5
16,19,14.5
5,19.5,14.5
5.5,19.5,14.5
6,19.5,14.5
6.5,19.5,14.5
7,19.5,14.5
7.5,19.5,14.5
13,19.5,14.5
13.5,19.5,14.5
14,19.5,14.5
14.5,19.5,14.5
15,19.5,14.5
7.5,20,14.5
13,20,14.5
1.5,2.5,14.55
2,2.5,14.55
2.5,2.5,14.55
1,3,14.55
1.5,3,14.55
2.5,3,14.55
3,3,14.55
3.5,3,14.55
1,3.5,14.55
3.5,3.5,14.55
4,3.5,14.55
4.5,3.5,14.55
1,4,14.55
4.5,4,14.55
5,4,14.55
1,4.5,14.55
5,4.5,14.55
5.5,4.5,14.55
6,4.5,14.55
1,5,14.55
6,5,14.55
6.5,5,14.55
7,5,14.55
1,5.5,14.55
7,5.5,14.55
7.5,5.5,14.55
1,6,14.55
7.5,6,14.55
8,6,14.55
8.5,6,14.55
1,6.5,14.55
8.5,6.5,14.55
9,6.5,14.55
9.5,6.5,14.55
1,7,14.55
9.5,7,14.55
10,7,14.55
1,7.5,14.55
1.5,7.5,14.55
10,7.5,14.55
10.5,7.5,14.55
11,7.5,14.55
1.5,8,14.55
11,8,14.55
11.5,8,14.55
1.5,8.5,14.55
11.5,8.5,14.55
12,8.5,14.55
1.5,9,14.55
12,9,14.55
12.5,9,14.55
13,9,14.55
1.5,9.5,14.55
13,9.5,14.55
13.5,9.5,14.55
1.5,10,14.55
13.5,10,14.55
14,10,14.55
1.5,10.5,14.55
14,10.5,14.55
14.5,10.5,14.55
15,10.5,14.55
1.5,11,14.55
15,11,14.55
15.5,11,14.55
1.5,11.5,14.55
15.5,11.5,14.55
16,11.5,14.55
1.5,12,14.55
2,12,14.55
16,12,14.55
16.5,12,14.55
2,12.5,14.55
16.5,12.5,14.55
2,13,14.55
16.5,13,14.55
17,13,14.55
2,13.5,14.55
17,13.5,14.55
17.5,13.5,14.55
2,14,14.55
2.5,14,14.55
17.5,14,14.55
2.5,14.5,14.55
17.5,14.5,14.55
18,14.5,14.55
2.5,15,14.55
18,15,14.55
2.5,15.5,14.55
18,15.5,14.55
2.5,16,14.55
3,16,14.55
18,16,14.55
3,16.5,14.55
18,16.5,14.55
3,17,14.55
3.5,17,14.55
18,17,14.55
3.5,17.5,14.55
4,17.5,14.55
17.5,17.5,14.55
18,17.5,14.55
4,18,14.55
4.5,18,14.55
17,18,14.55
17.5,18,14.55
4.5,18.5,14.55
5,18.5,14.55
5.5,18.5,14.55
16.5,18.5,14.55
17,18.5,14.55
5.5,19,14.55
6,19,14.55
6.5,19,14.55
15.5,19,14.55
16,19,14.55
16.5,19,14.55
6.5,19.5,14.55
7,19.5,14.55
7.5,19.5,14.55
8,19.5,14.55
8.5,19.5,14.55
9,19.5,14.55
9.5,19.5,14.55
10,19.5,14.55
13.5,19.5,14.55
14,19.5,14.55
14.5,19.5,14.55
15,19.5,14.55
15.5,19.5,14.55
10,20,14.55
13.5,20,14.55
1.5,3,14.6
2,3,14.6
2.5,3,14.6
3,3,14.6
1.5,3.5,14.6
3,3.5,14.6
3.5,3.5,14.6
4,3.5,14.6
1.5,4,14.6
4,4,14.6
4.5,4,14.6
5,4,14.6
1.5,4.5,14.6
5,4.5,14.6
5.5,4.5,14.6
6,4.5,14.6
1.5,5,14.6
6,5,14.6
6.5,5,14.6
1.5,5.5,14.6
6.5,5.5,14.6
7,5.5,14.6
7.5,5.5,14.6
1.5,6,14.6
7.5,6,14.6
8,6,14.6
8.5,6,14.6
1.5,6.5,14.6
8.5,6.5,14.6
9,6.5,14.6
1.5,7,14.6
9,7,14.6
9.5,7,14.6
10,7,14.6
1.5,7.5,14.6
10,7.5,14.6
10.5,7.5,14.6
1.5,8,14.6
10.5,8,14.6
11,8,14.6
11.5,8,14.6
1.5,8.5,14.6
11.5,8.5,14.6
12,8.5,14.6
1.5,9,14.6
12,9,14.6
12.5,9,14.6
13,9,14.6
1.5,9.5,14.6
13,9.5,14.6
13.5,9.5,14.6
1.5,10,14.6
13.5,10,14.6
14,10,14.6
1.5,10.5,14.6
2,10.5,14.6
14,10.5,14.6
14.5,10.5,14.6
2,11,14.6
14.5,11,14.6
15,11,14.6
15.5,11,14.6
2,11.5,14.6
15.5,11.5,14.6
16,11.5,14.6
2,12,14.6
16,12,14.6
16.5,12,14.6
2,12.5,14.6
16.5,12.5,14.6
2,13,14.6
2.5,13,14.6
16.5,13,14.6
17,13,14.6
2.5,13.5,14.6
17,13.5,14.6
17.5,13.5,14.6
2.5,14,14.6
17.5,14,14.6
2.5,14.5,14.6
3,14.5,14.6
17.5,14.5,14.6
18,14.5,14.6
3,15,14.6
18,15,14.6
3,15.5,14.6
3.5,15.5,14.6
18,15.5,14.6
3.5,16,14.6
18,16,14.6
3.5,16.5,14.6
4,16.5,14.6
18,16.5,14.6
4,17,14.6
4.5,17,14.6
18,17,14.6
4.5,17.5,14.6
5,17.5,14.6
17.5,17.5,14.6
18,17.5,14.6
5,18,14.6
5.5,18,14.6
17,18,14.6
17.5,18,14.6
5.5,18.5,14.6
6,18.5,14.6
6.5,18.5,14.6
16.5,18.5,14.6
17,18.5,14.6
6.5,19,14.6
7,19,14.6
7.5,19,14.6
8,19,14.6
8.5,19,14.6
15.5,19,14.6
16,19,14.6
16.5,19,14.6
8.5,19.5,14.6
9,19.5,14.6
9.5,19.5,14.6
10,19.5,14.6
10.5,19.5,14.6
11,19.5,14.6
11.5,19.5,14.6
12,19.5,14.6
12.5,19.5,14.6
13,19.5,14.6
13.5,19.5,14.6
14,19.5,14.6
14.5,19.5,14.6
15,19.5,14.6
15.5,19.5,14.6
2,3,14.65
2.5,3,14.65
1.5,3.5,14.65
2,3.5,14.65
2.5,3.5,14.65
3,3.5,14.65
3.5,3.5,14.65
1.5,4,14.65
3.5,4,14.65
4,4,14.65
4.5,4,14.65
1.5,4.5,14.65
4.5,4.5,14.65
5,4.5,14.65
5.5,4.5,14.65
1.5,5,14.65
5.5,5,14.65
6,5,14.65
6.5,5,14.65
1.5,5.5,14.65
6.5,5.5,14.65
7,5.5,14.65
1.5,6,14.65
7,6,14.65
7.5,6,14.65
8,6,14.65
1.5,6.5,14.65
8,6.5,14.65
8.5,6.5,14.65
9,6.5,14.65
1.5,7,14.65
9,7,14.65
9.5,7,14.65
1.5,7.5,14.65
9.5,7.5,14.65
10,7.5,14.65
10.5,7.5,14.65
1.5,8,14.65
10.5,8,14.65
11,8,14.65
1.5,8.5,14.65
2,8.5,14.65
11,8.5,14.65
11.5,8.5,14.65
12,8.5,14.65
2,9,14.65
12,9,14.65
12.5,9,14.65
2,9.5,14.65
12.5,9.5,14.65
13,9.5,14.65
13.5,9.5,14.65
2,10,14.65
13.5,10,14.65
14,10,14.65
2,10.5,14.65
14,10.5,14.65
14.5,10.5,14.65
2,11,14.65
2.5,11,14.65
14.5,11,14.65
15,11,14.65
2.5,11.5,14.65
15,11.5,14.65
15.5,11.5,14.65
2.5,12,14.65
15.5,12,14.65
16,12,14.65
2.5,12.5,14.65
16,12.5,14.65
16.5,12.5,14.65
2.5,13,14.65
3,13,14.65
16.5,13,14.65
17,13,14.65
3,13.5,14.65
17,13.5,14.65
17.5,13.5,14.65
3,14,14.65
17.5,14,14.65
3,14.5,14.65
3.5,14.5,14.65
17.5,14.5,14.65
18,14.5,14.65
3.5,15,14.65
18,15,14.65
3.5,15.5,14.65
4,15.5,14.65
18,15.5,14.65
4,16,14.65
4.5,16,14.65
18,16,14.65
4.5,16.5,14.65
18,16.5,14.65
4.5,17,14.65
5,17,14.65
5.5,17,14.65
18,17,14.65
5.5,17.5,14.65
6,17.5,14.65
17.5,17.5,14.65
18,17.5,14.65
6,18,14.65
6.5,18,14.65
7,18,14.65
17,18,14.65
17.5,18,14.65
7,18.5,14.65
7.5,18.5,14.65
8,18.5,14.65
8.5,18.5,14.65
16,18.5,14.65
16.5,18.5,14.65
17,18.5,14.65
8.5,19,14.65
9,19,14.65
9.5,19,14.65
10,19,14.65
10.5,19,14.65
11,19,14.65
14.5,19,14.65
15,19,14.65
15.5,19,14.65
16,19,14.65
11,19.5,14.65
11.5,19.5,14.65
12,19.5,14.65
12.5,19.5,14.65
13,19.5,14.65
13.5,19.5,14.65
14,19.5,14.65
14.5,19.5,14.65
2.5,3.5,14.7
2,4,14.7
2.5,4,14.7
3,4,14.7
3.5,4,14.7
4,4,14.7
2,4.5,14.7
4,4.5,14.7
4.5,4.5,14.7
5,4.5,14.7
2,5,14.7
5,5,14.7
5.5,5,14.7
6,5,14.7
2,5.5,14.7
6,5.5,14.7
6.5,5.5,14.7
7,5.5,14.7
2,6,14.7
7,6,14.7
7.5,6,14.7
2,6.5,14.7
7.5,6.5,14.7
8,6.5,14.7
8.5,6.5,14.7
2,7,14.7
8.5,7,14.7
9,7,14.7
9.5,7,14.7
2,7.5,14.7
9.5,7.5,14.7
10,7.5,14.7
2,8,14.7
10,8,14.7
10.5,8,14.7
11,8,14.7
2,8.5,14.7
11,8.5,14.7
11.5,8.5,14.7
2,9,14.7
11.5,9,14.7
12,9,14.7
12.5,9,14.7
2,9.5,14.7
2.5,9.5,14.7
12.5,9.5,14.7
13,9.5,14.7
2.5,10,14.7
13,10,14.7
13.5,10,14.7
2.5,10.5,14.7
13.5,10.5,14.7
14,10.5,14.7
14.5,10.5,14.7
2.5,11,14.7
14.5,11,14.7
15,11,14.7
2.5,11.5,14.7
3,11.5,14.7
15,11.5,14.7
15.5,11.5,14.7
3,12,14.7
15.5,12,14.7
16,12,14.7
3,12.5,14.7
16,12.5,14.7
16.5,12.5,14.7
3,13,14.7
3.5,13,14.7
16.5,13,14.7
3.5,13.5,14.7
16.5,13.5,14.7
17,13.5,14.7
3.5,14,14.7
4,14,14.7
17,14,14.7
17.5,14,14.7
4,14.5,14.7
17.5,14.5,14.7
4,15,14.7
4.5,15,14.7
17.5,15,14.7
4.5,15.5,14.7
5,15.5,14.7
17.5,15.5,14.7
18,15.5,14.7
5,16,14.7
5.5,16,14.7
18,16,14.7
5.5,16.5,14.7
6,16.5,14.7
17.5,16.5,14.7
18,16.5,14.7
6,17,14.7
6.5,17,14.7
17.5,17,14.7
6.5,17.5,14.7
7,17.5,14.7
7.5,17.5,14.7
17,17.5,14.7
17.5,17.5,14.7
7.5,18,14.7
8,18,14.7
8.5,18,14.7
9,18,14.7
16,18,14.7
16.5,18,14.7
17,18,14.7
9,18.5,14.7
9.5,18.5,14.7
10,18.5,14.7
10.5,18.5,14.7
11,18.5,14.7
11.5,18.5,14.7
15,18.5,14.7
15.5,18.5,14.7
16,18.5,14.7
11.5,19,14.7
12,19,14.7
12.5,19,14.7
13,19,14.7
13.5,19,14.7
14,19,14.7
14.5,19,14.7
15,19,14.7
2.5,4.5,14.75
3,4.5,14.75
3.5,4.5,14.75
4,4.5,14.75
4.5,4.5,14.75
2.5,5,14.75
4.5,5,14.75
5,5,14.75
5.5,5,14.75
2.5,5.5,14.75
5.5,5.5,14.75
6,5.5,14.75
6.5,5.5,14.75
2,6,14.75
2.5,6,14.75
6.5,6,14.75
7,6,14.75
2.5,6.5,14.75
7,6.5,14.75
7.5,6.5,14.75
8,6.5,14.75
2.5,7,14.75
8,7,14.75
8.5,7,14.75
9,7,14.75
2.5,7.5,14.75
9,7.5,14.75
9.5,7.5,14.75
2.5,8,14.75
9.5,8,14.75
10,8,14.75
10.5,8,14.75
2.5,8.5,14.75
10.5,8.5,14.75
11,8.5,14.75
2.5,9,14.75
11,9,14.75
11.5,9,14.75
12,9,14.75
2.5,9.5,14.75
3,9.5,14.75
12,9.5,14.75
12.5,9.5,14.75
3,10,14.75
12.5,10,14.75
13,10,14.75
13.5,10,14.75
3,10.5,14.75
13.5,10.5,14.75
14,10.5,14.75
3,11,14.75
14,11,14.75
14.5,11,14.75
3,11.5,14.75
3.5,11.5,14.75
14.5,11.5,14.75
15,11.5,14.75
3.5,12,14.75
15,12,14.75
15.5,12,14.75
3.5,12.5,14.75
4,12.5,14.75
15.5,12.5,14.75
16,12.5,14.75
4,13,14.75
16,13,14.75
16.5,13,14.75
4,13.5,14.75
4.5,13.5,14.75
16.5,13.5,14.75
4.5,14,14.75
16.5,14,14.75
17,14,14.75
4.5,14.5,14.75
5,14.5,14.75
17,14.5,14.75
5,15,14.75
5.5,15,14.75
17,15,14.75
5.5,15.5,14.75
6,15.5,14.75
17,15.5,14.75
17.5,15.5,14.75
6,16,14.75
6.5,16,14.75
17,16,14.75
6.5,16.5,14.75
7,16.5,14.75
7.5,16.5,14.75
17,16.5,14.75
7.5,17,14.75
8,17,14.75
8.5,17,14.75
16.5,17,14.75
17,17,14.75
8.5,17.5,14.75
9,17.5,14.75
9.5,17.5,14.75
10,17.5,14.75
15.5,17.5,14.75
16,17.5,14.75
16.5,17.5,14.75
10,18,14.75
10.5,18,14.75
11,18,14.75
11.5,18,14.75
12,18,14.75
12.5,18,14.75
14,18,14.75
14.5,18,14.75
15,18,14.75
15.5,18,14.75
12.5,18.5,14.75
13,18.5,14.75
13.5,18.5,14.75
14,18.5,14.75
3.5,5,14.8
4,5,14.8
3,5.5,14.8
3.5,5.5,14.8
4,5.5,14.8
4.5,5.5,14.8
5,5.5,14.8
5.5,5.5,14.8
3,6,14.8
5.5,6,14.8
6,6,14.8
6.5,6,14.8
3,6.5,14.8
6.5,6.5,14.8
7,6.5,14.8
7.5,6.5,14.8
3,7,14.8
7.5,7,14.8
8,7,14.8
3,7.5,14.8
8,7.5,14.8
8.5,7.5,14.8
9,7.5,14.8
3,8,14.8
9,8,14.8
9.5,8,14.8
10,8,14.8
3,8.5,14.8
10,8.5,14.8
10.5,8.5,14.8
3,9,14.8
3.5,9,14.8
10.5,9,14.8
11,9,14.8
11.5,9,14.8
3.5,9.5,14.8
11.5,9.5,14.8
12,9.5,14.8
3.5,10,14.8
12,10,14.8
12.5,10,14.8
3.5,10.5,14.8
4,10.5,14.8
12.5,10.5,14.8
13,10.5,14.8
13.5,10.5,14.8
4,11,14.8
13.5,11,14.8
14,11,14.8
4,11.5,14.8
14,11.5,14.8
14.5,11.5,14.8
4,12,14.8
4.5,12,14.8
14.5,12,14.8
15,12,14.8
4.5,12.5,14.8
15,12.5,14.8
4.5,13,14.8
5,13,14.8
15,13,14.8
15.5,13,14.8
5,13.5,14.8
5.5,13.5,14.8
15.5,13.5,14.8
16,13.5,14.8
5.5,14,14.8
6,14,14.8
16,14,14.8
6,14.5,14.8
6.5,14.5,14.8
16,14.5,14.8
16.5,14.5,14.8
6.5,15,14.8
7,15,14.8
16.5,15,14.8
7,15.5,14.8
7.5,15.5,14.8
16,15.5,14.8
16.5,15.5,14.8
7.5,16,14.8
8,16,14.8
8.5,16,14.8
16,16,14.8
8.5,16.5,14.8
9,16.5,14.8
9.5,16.5,14.8
15.5,16.5,14.8
16,16.5,14.8
9.5,17,14.8
10,17,14.8
10.5,17,14.8
11,17,14.8
11.5,17,14.8
14.5,17,14.8
15,17,14.8
15.5,17,14.8
11.5,17.5,14.8
12,17.5,14.8
12.5,17.5,14.8
13,17.5,14.8
13.5,17.5,14.8
14,17.5,14.8
14.5,17.5,14.8
4.5,6,14.85
4,6.5,14.85
4.5,6.5,14.85
5,6.5,14.85
5.5,6.5,14.85
6,6.5,14.85
4,7,14.85
6,7,14.85
6.5,7,14.85
7,7,14.85
4,7.5,14.85
7,7.5,14.85
7.5,7.5,14.85
8,7.5,14.85
4,8,14.85
8,8,14.85
8.5,8,14.85
9,8,14.85
4,8.5,14.85
9,8.5,14.85
9.5,8.5,14.85
4,9,14.85
9.5,9,14.85
10,9,14.85
10.5,9,14.85
4,9.5,14.85
4.5,9.5,14.85
10.5,9.5,14.85
11,9.5,14.85
4.5,10,14.85
11,10,14.85
11.5,10,14.85
12,10,14.85
4.5,10.5,14.85
12,10.5,14.85
12.5,10.5,14.85
4.5,11,14.85
5,11,14.85
12.5,11,14.85
13,11,14.85
5,11.5,14.85
13,11.5,14.85
13.5,11.5,14.85
5,12,14.85
5.5,12,14.85
13.5,12,14.85
14,12,14.85
5.5,12.5,14.85
6,12.5,14.85
14,12.5,14.85
14.5,12.5,14.85
6,13,14.85
6.5,13,14.85
14.5,13,14.85
6.5,13.5,14.85
7,13.5,14.85
14.5,13.5,14.85
15,13.5,14.85
7,14,14.85
7.5,14,14.85
15,14,14.85
7.5,14.5,14.85
8,14.5,14.85
15,14.5,14.85
8,15,14.85
8.5,15,14.85
9,15,14.85
15,15,14.85
9,15.5,14.85
9.5,15.5,14.85
10,15.5,14.85
14.5,15.5,14.85
15,15.5,14.85
10,16,14.85
10.5,16,14.85
11,16,14.85
11.5,16,14.85
12,16,14.85
12.5,16,14.85
13,16,14.85
13.5,16,14.85
14,16,14.85
14.5,16,14.85
5.5,8,14.9
6,8,14.9
6.5,8,14.9
7,8,14.9
5.5,8.5,14.9
7,8.5,14.9
7.5,8.5,14.9
8,8.5,14.9
5.5,9,14.9
8,9,14.9
8.5,9,14.9
9,9,14.9
5.5,9.5,14.9
9,9.5,14.9
9.5,9.5,14.9
5.5,10,14.9
6,10,14.9
9.5,10,14.9
10,10,14.9
10.5,10,14.9
6,10.5,14.9
10.5,10.5,14.9
11,10.5,14.9
6,11,14.9
6.5,11,14.9
11,11,14.9
11.5,11,14.9
6.5,11.5,14.9
7,11.5,14.9
11.5,11.5,14.9
12,11.5,14.9
7,12,14.9
7.5,12,14.9
12,12,14.9
12.5,12,14.9
7.5,12.5,14.9
8,12.5,14.9
12.5,12.5,14.9
8,13,14.9
8.5,13,14.9
12.5,13,14.9
13,13,14.9
8.5,13.5,14.9
9,13.5,14.9
9.5,13.5,14.9
13,13.5,14.9
9.5,14,14.9
10,14,14.9
10.5,14,14.9
12,14,14.9
12.5,14,14.9
13,14,14.9
10.5,14.5,14.9
11,14.5,14.9
11.5,14.5,14.9
12,14.5,14.9
